ITEM_CODE	ITEM_NAME	SUPPLIER	COLLECTION	SERIAL	STATUS
0	0	Home Ideas			MANUAL
FABCARE-S401	A -   NEW MOLFINO-SOFT CHENILLE-PLUM Sr No 37	Home Ideas	NEW MOLFINO	37	AUTO
FAB0217250547	A -  Home Ideas BLUE SKY-V OLWEN HAPTIC CREAM 519	Home Ideas	HOME IDEAS BLUE SKY-V OLWEN HAPTIC CREAM 519	519	MANUAL
FAB0217250555	A -  Home Ideas BLUE SKY-V OLWEN HAPTIC CRIMSON 527	Home Ideas	HOME IDEAS BLUE SKY-V OLWEN HAPTIC CRIMSON 527	527	MANUAL
FAB0217250530	A -  Home Ideas BLUE SKY-V OLWEN HAPTIC DAISY 502	Home Ideas	HOME IDEAS BLUE SKY-V OLWEN HAPTIC DAISY 502	502	MANUAL
FAB0217250550	A -  Home Ideas BLUE SKY-V OLWEN HAPTIC GEM 522	Home Ideas	HOME IDEAS BLUE SKY-V OLWEN HAPTIC GEM 522	522	MANUAL
FAB0217250552	A -  Home Ideas BLUE SKY-V OLWEN HAPTIC JADE 524	Home Ideas	HOME IDEAS BLUE SKY-V OLWEN HAPTIC JADE 524	524	MANUAL
FAB0217250556	A -  Home Ideas BLUE SKY-V OLWEN HAPTIC MULBERRY 528	Home Ideas	HOME IDEAS BLUE SKY-V OLWEN HAPTIC MULBERRY 528	528	MANUAL
FAB0217250546	A -  Home Ideas BLUE SKY-V OLWEN HAPTIC OYESTER 518	Home Ideas	HOME IDEAS BLUE SKY-V OLWEN HAPTIC OYESTER 518	518	MANUAL
FAB0217250544	A -  Home Ideas BLUE SKY-V OLWEN HAPTIC PEARL 516	Home Ideas	HOME IDEAS BLUE SKY-V OLWEN HAPTIC PEARL 516	516	MANUAL
FAB0217250545	A -  Home Ideas BLUE SKY-V OLWEN HAPTIC PEWTER 517	Home Ideas	HOME IDEAS BLUE SKY-V OLWEN HAPTIC PEWTER 517	517	MANUAL
FAB0217250551	A -  Home Ideas BLUE SKY-V OLWEN HAPTIC SHELL 523	Home Ideas	HOME IDEAS BLUE SKY-V OLWEN HAPTIC SHELL 523	523	MANUAL
FAB0217250549	A -  Home Ideas BLUE SKY-V OLWEN HAPTIC SMOKE 521	Home Ideas	HOME IDEAS BLUE SKY-V OLWEN HAPTIC SMOKE 521	521	MANUAL
FAB0217250548	A -  Home Ideas BLUE SKY-V OLWEN HAPTIC STONE 520	Home Ideas	HOME IDEAS BLUE SKY-V OLWEN HAPTIC STONE 520	520	MANUAL
FAB0217250554	A -  Home Ideas BLUE SKY-V OLWEN HAPTIC SUNRISE 526	Home Ideas	HOME IDEAS BLUE SKY-V OLWEN HAPTIC SUNRISE 526	526	MANUAL
FAB0217250553	A -  Home Ideas BLUE SKY-V OLWEN HAPTIC SUNSHINE 525	Home Ideas	HOME IDEAS BLUE SKY-V OLWEN HAPTIC SUNSHINE 525	525	MANUAL
FAB0217250538	A -  Home Ideas BLUE SKY-V VOUGE DIVINE CERULEAN 510	Home Ideas	HOME IDEAS BLUE SKY-V VOUGE DIVINE CERULEAN 510	510	MANUAL
FAB0217250536	A -  Home Ideas BLUE SKY-V VOUGE DIVINE CHARCOAL 508	Home Ideas	HOME IDEAS BLUE SKY-V VOUGE DIVINE CHARCOAL 508	508	MANUAL
FAB0217250542	A -  Home Ideas BLUE SKY-V VOUGE DIVINE CRIMSON 514	Home Ideas	HOME IDEAS BLUE SKY-V VOUGE DIVINE CRIMSON 514	514	MANUAL
FAB0217250539	A -  Home Ideas BLUE SKY-V VOUGE DIVINE FERN 511	Home Ideas	HOME IDEAS BLUE SKY-V VOUGE DIVINE FERN 511	511	MANUAL
FAB0217250543	A -  Home Ideas BLUE SKY-V VOUGE DIVINE HIBISCUS 515	Home Ideas	HOME IDEAS BLUE SKY-V VOUGE DIVINE HIBISCUS 515	515	MANUAL
FAB0217250532	A -  Home Ideas BLUE SKY-V VOUGE DIVINE LATTE 504	Home Ideas	HOME IDEAS BLUE SKY-V VOUGE DIVINE LATTE 504	504	MANUAL
FAB0217250541	A -  Home Ideas BLUE SKY-V VOUGE DIVINE MARIGOLD 513	Home Ideas	HOME IDEAS BLUE SKY-V VOUGE DIVINE MARIGOLD 513	513	MANUAL
FAB0217250529	A -  Home Ideas BLUE SKY-V VOUGE DIVINE OYESTER 501	Home Ideas	HOME IDEAS BLUE SKY-V VOUGE DIVINE OYESTER 501	501	MANUAL
FAB0217250531	A -  Home Ideas BLUE SKY-V VOUGE DIVINE PEARL 503	Home Ideas	HOME IDEAS BLUE SKY-V VOUGE DIVINE PEARL 503	503	MANUAL
FAB0217250533	A -  Home Ideas BLUE SKY-V VOUGE DIVINE PEWTER 505	Home Ideas	HOME IDEAS BLUE SKY-V VOUGE DIVINE PEWTER 505	505	MANUAL
FAB0217250534	A -  Home Ideas BLUE SKY-V VOUGE DIVINE SMOKE 506	Home Ideas	HOME IDEAS BLUE SKY-V VOUGE DIVINE SMOKE 506	506	MANUAL
FAB0217250535	A -  Home Ideas BLUE SKY-V VOUGE DIVINE STONE 507	Home Ideas	HOME IDEAS BLUE SKY-V VOUGE DIVINE STONE 507	507	MANUAL
FAB0217250540	A -  Home Ideas BLUE SKY-V VOUGE DIVINE SUNSHINE 512	Home Ideas	HOME IDEAS BLUE SKY-V VOUGE DIVINE SUNSHINE 512	512	MANUAL
FAB0217250537	A -  Home Ideas BLUE SKY-V VOUGE DIVINE TURKISH 509	Home Ideas	HOME IDEAS BLUE SKY-V VOUGE DIVINE TURKISH 509	509	MANUAL
FAB0217250344	A -  Home Ideas LLAMA BOUCLE Mink Biscotti 9	Home Ideas	LLAMA BOUCLE	9	AUTO
FAB0217250347	A -  Home Ideas LLAMA BOUCLE Mink Celery Ice 12	Home Ideas	LLAMA BOUCLE	12	AUTO
FAB0217250355	A -  Home Ideas LLAMA BOUCLE Mink Clay 20	Home Ideas	LLAMA BOUCLE	20	AUTO
FAB0217250337	A -  Home Ideas LLAMA BOUCLE Mink Daisy 2	Home Ideas	LLAMA BOUCLE	2	AUTO
FAB0217250351	A -  Home Ideas LLAMA BOUCLE Mink Dark Denim 16	Home Ideas	LLAMA BOUCLE	16	AUTO
FAB0217250338	A -  Home Ideas LLAMA BOUCLE Mink Fern 3	Home Ideas	LLAMA BOUCLE	3	AUTO
FAB0217250348	A -  Home Ideas LLAMA BOUCLE Mink Glacier 13	Home Ideas	LLAMA BOUCLE	13	AUTO
FAB0217250357	A -  Home Ideas LLAMA BOUCLE Mink Gold Crest 22	Home Ideas	LLAMA BOUCLE	22	AUTO
FAB0217250353	A -  Home Ideas LLAMA BOUCLE Mink Graystone 18	Home Ideas	LLAMA BOUCLE	18	AUTO
FAB0217250350	A -  Home Ideas LLAMA BOUCLE Mink Indigo 15	Home Ideas	LLAMA BOUCLE	15	AUTO
FAB0217250340	A -  Home Ideas LLAMA BOUCLE Mink Magnolia 5	Home Ideas	LLAMA BOUCLE	5	AUTO
FAB0217250339	A -  Home Ideas LLAMA BOUCLE Mink Marine 4	Home Ideas	LLAMA BOUCLE	4	AUTO
FAB0217250341	A -  Home Ideas LLAMA BOUCLE Mink Oat 6	Home Ideas	LLAMA BOUCLE	6	AUTO
FAB0217250345	A -  Home Ideas LLAMA BOUCLE Mink Olive 10	Home Ideas	LLAMA BOUCLE	10	AUTO
FAB0217250354	A -  Home Ideas LLAMA BOUCLE Mink Onyx 19	Home Ideas	LLAMA BOUCLE	19	AUTO
FAB0217250336	A -  Home Ideas LLAMA BOUCLE Mink Peacock Blue 1	Home Ideas	LLAMA BOUCLE	1	AUTO
FAB0217250343	A -  Home Ideas LLAMA BOUCLE Mink Peanut 8	Home Ideas	LLAMA BOUCLE	8	AUTO
FAB0217250352	A -  Home Ideas LLAMA BOUCLE Mink Silver 17	Home Ideas	LLAMA BOUCLE	17	AUTO
FAB0217250349	A -  Home Ideas LLAMA BOUCLE Mink Steel Blue 14	Home Ideas	LLAMA BOUCLE	14	AUTO
FAB0217250356	A -  Home Ideas LLAMA BOUCLE Mink Tangerine 21	Home Ideas	LLAMA BOUCLE	21	AUTO
FAB0217250346	A -  Home Ideas LLAMA BOUCLE Mink Tuscan Teal 11	Home Ideas	LLAMA BOUCLE	11	AUTO
FAB0217250342	A -  Home Ideas LLAMA BOUCLE Mink Umber 7	Home Ideas	LLAMA BOUCLE	7	AUTO
FAB0217250368	A -  Home Ideas LUSH CHENILLE Delight Adriatic 3	Home Ideas	LUSH CHENILLE	3	AUTO
FAB0217250379	A -  Home Ideas LUSH CHENILLE Delight Agave 8	Home Ideas	LUSH CHENILLE	8	AUTO
FAB0217250365	A -  Home Ideas LUSH CHENILLE Delight Biscotti 19	Home Ideas	LUSH CHENILLE	19	AUTO
FAB0217250369	A -  Home Ideas LUSH CHENILLE Delight Cadar 23	Home Ideas	LUSH CHENILLE	23	AUTO
FAB0217250362	A -  Home Ideas LUSH CHENILLE Delight Celadone 7	Home Ideas	LUSH CHENILLE	7	AUTO
FAB0217250360	A -  Home Ideas LUSH CHENILLE Delight Chocolate 21	Home Ideas	LUSH CHENILLE	21	AUTO
FAB0217250358	A -  Home Ideas LUSH CHENILLE Delight Cobblestone 15	Home Ideas	LUSH CHENILLE	15	AUTO
FAB0217250376	A -  Home Ideas LUSH CHENILLE Delight Fern 4	Home Ideas	LUSH CHENILLE	4	AUTO
FAB0217250377	A -  Home Ideas LUSH CHENILLE Delight Graphite 16	Home Ideas	LUSH CHENILLE	16	AUTO
FAB0217250361	A -  Home Ideas LUSH CHENILLE Delight Graystone 7	Home Ideas	LUSH CHENILLE	7	AUTO
FAB0217250367	A -  Home Ideas LUSH CHENILLE Delight Indigo 11	Home Ideas	LUSH CHENILLE	11	AUTO
FAB0217250371	A -  Home Ideas LUSH CHENILLE Delight Latte 20	Home Ideas	LUSH CHENILLE	20	AUTO
FAB0217250363	A -  Home Ideas LUSH CHENILLE Delight Linen 18	Home Ideas	LUSH CHENILLE	18	AUTO
FAB0217250375	A -  Home Ideas LUSH CHENILLE Delight Marine 5	Home Ideas	LUSH CHENILLE	5	AUTO
FAB0217250373	A -  Home Ideas LUSH CHENILLE Delight Onyx 17	Home Ideas	LUSH CHENILLE	17	AUTO
FAB0217250380	A -  Home Ideas LUSH CHENILLE Delight Pearl 2	Home Ideas	LUSH CHENILLE	2	AUTO
FAB0217250370	A -  Home Ideas LUSH CHENILLE Delight Pine 1	Home Ideas	LUSH CHENILLE	1	AUTO
FAB0217250366	A -  Home Ideas LUSH CHENILLE Delight Powder Blue 12	Home Ideas	LUSH CHENILLE	12	AUTO
FAB0217250374	A -  Home Ideas LUSH CHENILLE Delight Silver 13	Home Ideas	LUSH CHENILLE	13	AUTO
FAB0217250372	A -  Home Ideas LUSH CHENILLE Delight Steel Blue 10	Home Ideas	LUSH CHENILLE	10	AUTO
FAB0217250364	A -  Home Ideas LUSH CHENILLE Delight Tangerine 22	Home Ideas	LUSH CHENILLE	22	AUTO
FAB0217250378	A -  Home Ideas LUSH CHENILLE Delight Teal Blue 6	Home Ideas	LUSH CHENILLE	6	AUTO
FAB0217250359	A -  Home Ideas LUSH CHENILLE Delight White Pepper 9	Home Ideas	LUSH CHENILLE	9	AUTO
17404541	A - ARTICO LEATHER Sr No. 1 Shade PLEATHER-PLAIN-301	Home Ideas	ARTICO LEATHER	1	AUTO
17404550	A - ARTICO LEATHER Sr No. 10 Shade PLEATHER-PLAIN-309	Home Ideas	ARTICO LEATHER	10	AUTO
17404551	A - ARTICO LEATHER Sr No. 11 Shade PLEATHER-PLAIN-311	Home Ideas	ARTICO LEATHER	11	AUTO
17404552	A - ARTICO LEATHER Sr No. 12 Shade PLEATHER-PLAIN-312	Home Ideas	ARTICO LEATHER	12	AUTO
17404553	A - ARTICO LEATHER Sr No. 13 Shade PLEATHER-PLAIN-313	Home Ideas	ARTICO LEATHER	13	AUTO
17404554	A - ARTICO LEATHER Sr No. 14 Shade PLEATHER-PLAIN-314	Home Ideas	ARTICO LEATHER	14	AUTO
17404555	A - ARTICO LEATHER Sr No. 15 Shade PLEATHER-PLAIN-315	Home Ideas	ARTICO LEATHER	15	AUTO
17404556	A - ARTICO LEATHER Sr No. 16 Shade PLEATHER-PLAIN-316	Home Ideas	ARTICO LEATHER	16	AUTO
17404557	A - ARTICO LEATHER Sr No. 17 Shade PLEATHER-PLAIN-317	Home Ideas	ARTICO LEATHER	17	AUTO
17404558	A - ARTICO LEATHER Sr No. 18 Shade PLEATHER-PLAIN-318	Home Ideas	ARTICO LEATHER	18	AUTO
17404542	A - ARTICO LEATHER Sr No. 2 Shade PLEATHER-PLAIN-302	Home Ideas	ARTICO LEATHER	2	AUTO
17404543	A - ARTICO LEATHER Sr No. 3 Shade PLEATHER-PLAIN-303	Home Ideas	ARTICO LEATHER	3	AUTO
17404544	A - ARTICO LEATHER Sr No. 4 Shade PLEATHER-PLAIN-304	Home Ideas	ARTICO LEATHER	4	AUTO
17404545	A - ARTICO LEATHER Sr No. 5 Shade PLEATHER-PLAIN-305	Home Ideas	ARTICO LEATHER	5	AUTO
17404546	A - ARTICO LEATHER Sr No. 6 Shade PLEATHER-PLAIN-306	Home Ideas	ARTICO LEATHER	6	AUTO
17404547	A - ARTICO LEATHER Sr No. 7 Shade PLEATHER-PLAIN-307	Home Ideas	ARTICO LEATHER	7	AUTO
17404548	A - ARTICO LEATHER Sr No. 8 Shade PLEATHER-PLAIN-308	Home Ideas	ARTICO LEATHER	8	AUTO
17404549	A - ARTICO LEATHER Sr No. 9 Shade PLEATHER-PLAIN-310	Home Ideas	ARTICO LEATHER	9	AUTO
17404467	A - BLING II Sr No. 201 Shade SOFTLY FOIL PRINT+MULTICOLOR-140-FOIL-2565-RFP^PLAIN	Home Ideas	BLING II	201	AUTO
17404468	A - BLING II Sr No. 202 Shade POLO WITH FOIL PRINT-140-FOIL-2517-72093^PLAIN	Home Ideas	BLING II	202	AUTO
17404469	A - BLING II Sr No. 203 Shade POLO WITH FOIL PRINT-140-FOIL-2535-72104^PLAIN	Home Ideas	BLING II	203	AUTO
17404470	A - BLING II Sr No. 204 Shade POLO WITH FOIL PRINT-140-FOIL-2525-72093^PLAIN	Home Ideas	BLING II	204	AUTO
17404471	A - BLING II Sr No. 205 Shade SOFTLY WITH MULTICOLOR+FOIL PRINT-140-FOIL-3024-RFP^PLAIN	Home Ideas	BLING II	205	AUTO
17404472	A - BLING II Sr No. 206 Shade POLO WITH FOIL PRINT-140-FOIL-2548-53849^PLAIN	Home Ideas	BLING II	206	AUTO
17404473	A - BLING II Sr No. 207 Shade POLO WITH FOIL PRINT-140-FOIL-2540-53849^PLAIN	Home Ideas	BLING II	207	AUTO
17404474	A - BLING II Sr No. 208 Shade POLO WITH FOIL PRINT-140-FOIL-2509-72093^PLAIN	Home Ideas	BLING II	208	AUTO
17404475	A - BLING II Sr No. 209 Shade POLO WITH FOIL PRINT-140-FOIL-2532-53849^PLAIN	Home Ideas	BLING II	209	AUTO
17404476	A - BLING II Sr No. 210 Shade POLO WITH FOIL PRINT-140-FOIL-2543-72104^PLAIN	Home Ideas	BLING II	210	AUTO
17404477	A - BLING II Sr No. 211 Shade SOFTLY WITH MULTICOLOR+FOIL PRINT-140-FOIL-3015-RFP^PLAIN	Home Ideas	BLING II	211	AUTO
17404478	A - BLING II Sr No. 212 Shade SOFTLY WITH MULTICOLOR-140-TRF-2685-RFP^PLAIN	Home Ideas	BLING II	212	AUTO
17404479	A - BLING II Sr No. 213 Shade POLO WITH FOIL PRINT-140-FOIL-2551-72104^PLAIN	Home Ideas	BLING II	213	AUTO
17404480	A - BLING II Sr No. 214 Shade SOFTLY FOIL PRINT+MULTICOLOR-140-FOIL-2558-RFP^PLAIN	Home Ideas	BLING II	214	AUTO
17404481	A - BLING II Sr No. 215 Shade POLO WITH FOIL PRINT-140-FOIL-2531-53453^PLAIN	Home Ideas	BLING II	215	AUTO
17404482	A - BLING II Sr No. 216 Shade POLO WITH FOIL PRINT-140-FOIL-2539-53453^PLAIN	Home Ideas	BLING II	216	AUTO
17404483	A - BLING II Sr No. 217 Shade POLO WITH FOIL PRINT-140-FOIL-2506-53457^PLAIN	Home Ideas	BLING II	217	AUTO
17404484	A - BLING II Sr No. 218 Shade POLO WITH FOIL PRINT-140-FOIL-2514-53457^PLAIN	Home Ideas	BLING II	218	AUTO
17404485	A - BLING II Sr No. 219 Shade POLO WITH FOIL PRINT-140-FOIL-2522-53457^PLAIN	Home Ideas	BLING II	219	AUTO
17404486	A - BLING II Sr No. 220 Shade SOFTLY FOIL PRINT+MULTICOLOR-140-FOIL-2560-RFP^PLAIN	Home Ideas	BLING II	220	AUTO
17404487	A - BLING II Sr No. 221 Shade POLO WITH FOIL PRINT-140-FOIL-2521-53732^PLAIN	Home Ideas	BLING II	221	AUTO
17404488	A - BLING II Sr No. 222 Shade SOFTLY WITH MULTICOLOR+FOIL PRINT-140-FOIL-2566-RFP^PLAIN	Home Ideas	BLING II	222	AUTO
17404489	A - BLING II Sr No. 223 Shade SOFTLY WITH MULTICOLOR-140-TRF-2689-RFP^PLAIN	Home Ideas	BLING II	223	AUTO
17404490	A - BLING II Sr No. 224 Shade POLO WITH FOIL PRINT-140-FOIL-2547-53453^PLAIN	Home Ideas	BLING II	224	AUTO
17404491	A - BLING II Sr No. 225 Shade POLO WITH FOIL PRINT-140-FOIL-2505-53732^PLAIN	Home Ideas	BLING II	225	AUTO
17404492	A - BLING II Sr No. 226 Shade POLO WITH FOIL PRINT-140-FOIL-2513-53732^PLAIN	Home Ideas	BLING II	226	AUTO
17404493	A - BLING II Sr No. 227 Shade POLO WITH FOIL PRINT-140-FOIL-2537-53733^PLAIN	Home Ideas	BLING II	227	AUTO
17404494	A - BLING II Sr No. 228 Shade POLO WITH FOIL PRINT-140-FOIL-2545-53733^PLAIN	Home Ideas	BLING II	228	AUTO
17404495	A - BLING II Sr No. 229 Shade SOFTLY WITH MULTICOLOR-140-TRF-2687-RFP^PLAIN	Home Ideas	BLING II	229	AUTO
17404496	A - BLING II Sr No. 230 Shade POLO WITH FOIL PRINT-140-FOIL-2512-53731^PLAIN	Home Ideas	BLING II	230	AUTO
17404497	A - BLING II Sr No. 231 Shade POLO WITH FOIL PRINT-140-FOIL-2504-53731^PLAIN	Home Ideas	BLING II	231	AUTO
17404498	A - BLING II Sr No. 232 Shade POLO WITH FOIL PRINT-140-FOIL-2520-53731^PLAIN	Home Ideas	BLING II	232	AUTO
17404499	A - BLING II Sr No. 233 Shade POLO WITH FOIL PRINT-140-FOIL-2528-4429^PLAIN	Home Ideas	BLING II	233	AUTO
17404500	A - BLING II Sr No. 234 Shade POLO WITH FOIL PRINT-140-FOIL-2536-4429^PLAIN	Home Ideas	BLING II	234	AUTO
17404501	A - BLING II Sr No. 235 Shade POLO WITH FOIL PRINT-140-FOIL-2544-4429^PLAIN	Home Ideas	BLING II	235	AUTO
17404502	A - BLING II Sr No. 236 Shade POLO WITH FOIL PRINT-140-FOIL-2538-53727^PLAIN	Home Ideas	BLING II	236	AUTO
17404503	A - BLING II Sr No. 237 Shade POLO WITH FOIL PRINT-140-FOIL-2530-53727^PLAIN	Home Ideas	BLING II	237	AUTO
17404504	A - BLING II Sr No. 238 Shade POLO WITH FOIL PRINT-140-FOIL-2523-54247^PLAIN	Home Ideas	BLING II	238	AUTO
17404505	A - BLING II Sr No. 239 Shade POLO WITH FOIL PRINT-140-FOIL-2515-54247^PLAIN	Home Ideas	BLING II	239	AUTO
17404506	A - BLING II Sr No. 240 Shade POLO WITH FOIL PRINT-140-FOIL-2546-53727^PLAIN	Home Ideas	BLING II	240	AUTO
17404507	A - BLING II Sr No. 241 Shade POLO WITH FOIL PRINT-140-FOIL-2529-53733^PLAIN	Home Ideas	BLING II	241	AUTO
17404508	A - BLING II Sr No. 242 Shade SOFTLY FOIL PRINT+MULTICOLOR-140-FOIL-2559-RFP^PLAIN	Home Ideas	BLING II	242	AUTO
17404509	A - BLING II Sr No. 243 Shade SOFTLY WITH MULTICOLOR+FOIL PRINT-140-FOIL-3014-RFP^PLAIN	Home Ideas	BLING II	243	AUTO
17404510	A - BLING II Sr No. 244 Shade SOFTLY WITH MULTICOLOR-140-TRF-2686-RFP^PLAIN	Home Ideas	BLING II	244	AUTO
17404511	A - BLING II Sr No. 245 Shade POLO WITH FOIL PRINT-140-FOIL-2516-53454^PLAIN	Home Ideas	BLING II	245	AUTO
17404512	A - BLING II Sr No. 246 Shade POLO WITH FOIL PRINT-140-FOIL-2508-53454^PLAIN	Home Ideas	BLING II	246	AUTO
17404513	A - BLING II Sr No. 247 Shade SOFTLY FOIL PRINT+MULTICOLOR-140-FOIL-2563-RFP^PLAIN	Home Ideas	BLING II	247	AUTO
17404514	A - BLING II Sr No. 248 Shade SOFTLY WITH MULTICOLOR+FOIL PRINT-140-FOIL-3016-RFP^PLAIN	Home Ideas	BLING II	248	AUTO
17404515	A - BLING II Sr No. 249 Shade POLO WITH FOIL PRINT-140-FOIL-2524-53454^PLAIN	Home Ideas	BLING II	249	AUTO
17404516	A - BLING II Sr No. 250 Shade SOFTLY WITH MULTICOLOR+FOIL PRINT-140-FOIL-3017-RFP^PLAIN	Home Ideas	BLING II	250	AUTO
17404517	A - BLING II Sr No. 251 Shade SOFTLY WITH MULTICOLOR-140-TRF-2681-RFP^PLAIN	Home Ideas	BLING II	251	AUTO
17404518	A - BLING II Sr No. 252 Shade POLO WITH FOIL PRINT-140-FOIL-2507-54247^PLAIN	Home Ideas	BLING II	252	AUTO
17404519	A - BLING II Sr No. 253 Shade SOFTLY WITH MULTICOLOR-140-TRF-2690-RFP^PLAIN	Home Ideas	BLING II	253	AUTO
17404520	A - BLING II Sr No. 254 Shade SOFTLY FOIL PRINT+MULTICOLOR-140-FOIL-2564-RFP^PLAIN	Home Ideas	BLING II	254	AUTO
17404521	A - BLING II Sr No. 255 Shade POLO WITH FOIL PRINT-140-FOIL-2533-72094^PLAIN	Home Ideas	BLING II	255	AUTO
17404522	A - BLING II Sr No. 256 Shade POLO WITH FOIL PRINT-140-FOIL-2541-72094^PLAIN	Home Ideas	BLING II	256	AUTO
17404523	A - BLING II Sr No. 257 Shade POLO WITH FOIL PRINT-140-FOIL-2549-72094^PLAIN	Home Ideas	BLING II	257	AUTO
17404524	A - BLING II Sr No. 258 Shade SOFTLY FOIL PRINT+MULTICOLOR-140-FOIL-2562-RFP^PLAIN	Home Ideas	BLING II	258	AUTO
17404525	A - BLING II Sr No. 259 Shade POLO WITH FOIL PRINT-140-FOIL-2534-72096^PLAIN	Home Ideas	BLING II	259	AUTO
17404526	A - BLING II Sr No. 260 Shade POLO WITH FOIL PRINT-140-FOIL-2542-72096^PLAIN	Home Ideas	BLING II	260	AUTO
17404527	A - BLING II Sr No. 261 Shade SOFTLY WITH MULTICOLOR-140-TRF-2683-RFP^PLAIN	Home Ideas	BLING II	261	AUTO
17404528	A - BLING II Sr No. 262 Shade POLO WITH FOIL PRINT-140-FOIL-2511-72105^PLAIN	Home Ideas	BLING II	262	AUTO
17404529	A - BLING II Sr No. 263 Shade POLO WITH FOIL PRINT-140-FOIL-2550-72096^PLAIN	Home Ideas	BLING II	263	AUTO
17404530	A - BLING II Sr No. 264 Shade POLO WITH FOIL PRINT-140-FOIL-2518-72095^PLAIN	Home Ideas	BLING II	264	AUTO
17404531	A - BLING II Sr No. 265 Shade POLO WITH FOIL PRINT-140-FOIL-2510-72095^PLAIN	Home Ideas	BLING II	265	AUTO
17404532	A - BLING II Sr No. 266 Shade POLO WITH FOIL PRINT-140-FOIL-2526-72095^PLAIN	Home Ideas	BLING II	266	AUTO
17404533	A - BLING II Sr No. 267 Shade SOFTLY WITH MULTICOLOR-140-TRF-2688-RFP^PLAIN	Home Ideas	BLING II	267	AUTO
17404534	A - BLING II Sr No. 268 Shade SOFTLY FOIL PRINT+MULTICOLOR-140-FOIL-2561-RFP^PLAIN	Home Ideas	BLING II	268	AUTO
17404535	A - BLING II Sr No. 269 Shade SOFTLY WITH MULTICOLOR+FOIL PRINT-140-FOIL-3018-RFP^PLAIN	Home Ideas	BLING II	269	AUTO
17404536	A - BLING II Sr No. 270 Shade SOFTLY WITH MULTICOLOR-140-TRF-2682-RFP^PLAIN	Home Ideas	BLING II	270	AUTO
17404537	A - BLING II Sr No. 271 Shade POLO WITH FOIL PRINT-140-FOIL-2527-72105^PLAIN	Home Ideas	BLING II	271	AUTO
17404538	A - BLING II Sr No. 272 Shade SOFTLY WITH MULTICOLOR-140-TRF-2684-RFP^PLAIN	Home Ideas	BLING II	272	AUTO
17404539	A - BLING II Sr No. 273 Shade POLO WITH FOIL PRINT-140-FOIL-2519-72105^PLAIN	Home Ideas	BLING II	273	AUTO
17404540	A - BLING II Sr No. 274 Shade SOFTLY WITH MULTICOLOR+FOIL PRINT-140-FOIL-2567-RFP^PLAIN	Home Ideas	BLING II	274	AUTO
FABCARE-S29	A - BLUE SKY II ADRIATIC DDHF90600 38 Sr No 229	Home Ideas	BLUE SKY II	229	AUTO
FABCARE-S20	A - BLUE SKY II ADRIATIC DDHF90600 73 Sr No 220	Home Ideas	BLUE SKY II	220	AUTO
FABCARE-S26	A - BLUE SKY II AUTHENTIC DDHF90587 24 Sr No 226	Home Ideas	BLUE SKY II	226	AUTO
FABCARE-S21	A - BLUE SKY II AUTHENTIC DDHF90587 27 Sr No 221	Home Ideas	BLUE SKY II	221	AUTO
FABCARE-S5	A - BLUE SKY II BRANNON DDHF90589 34 Sr No 205	Home Ideas	BLUE SKY II	205	AUTO
FABCARE-S4	A - BLUE SKY II CHRISTOPHER RIB IMPERIAL Sr No 204	Home Ideas	BLUE SKY II	204	AUTO
FABCARE-S9	A - BLUE SKY II CHRISTOPHER RIB MULBERRY Sr No 209	Home Ideas	BLUE SKY II	209	AUTO
FABCARE-S18	A - BLUE SKY II CHRISTOPHER RIB PLUM Sr No 218	Home Ideas	BLUE SKY II	218	AUTO
FABCARE-S19	A - BLUE SKY II CROGLIO LATTICE CARROT Sr No 219	Home Ideas	BLUE SKY II	219	AUTO
FABCARE-S22	A - BLUE SKY II DIONYSUS STRIA TANGERINE Sr No 222	Home Ideas	BLUE SKY II	222	AUTO
FABCARE-S2	A - BLUE SKY II ERIK PIED SUNSET Sr No 202	Home Ideas	BLUE SKY II	202	AUTO
FABCARE-S37	A - BLUE SKY II ESTRO PAVE APRICOT Sr No 237	Home Ideas	BLUE SKY II	237	AUTO
FABCARE-S23	A - BLUE SKY II ESTRO PAVE DAFFODIL Sr No 223	Home Ideas	BLUE SKY II	223	AUTO
FABCARE-S8	A - BLUE SKY II ESTRO PAVE HIBISCUS Sr No 208	Home Ideas	BLUE SKY II	208	AUTO
FABCARE-S3	A - BLUE SKY II GRAVEL DDHF90586 57 Sr No 203	Home Ideas	BLUE SKY II	203	AUTO
FABCARE-S6	A - BLUE SKY II GRAVEL DDHF90586 61 Sr No 206	Home Ideas	BLUE SKY II	206	AUTO
FABCARE-S14	A - BLUE SKY II HERA ESSENTIAL ORANGE Sr No 214	Home Ideas	BLUE SKY II	214	AUTO
FABCARE-S31	A - BLUE SKY II LIESEL GRAPHIC BUTTER Sr No 231	Home Ideas	BLUE SKY II	231	AUTO
FABCARE-S35	A - BLUE SKY II LUMINO DDHF90602 27 Sr No 235	Home Ideas	BLUE SKY II	235	AUTO
FABCARE-S11	A - BLUE SKY II LUMINO DDHF90602 29 Sr No 211	Home Ideas	BLUE SKY II	211	AUTO
FABCARE-S10	A - BLUE SKY II METEOR ARCH CARROT Sr No 210	Home Ideas	BLUE SKY II	210	AUTO
FABCARE-S32	A - BLUE SKY II MOKOLO HEXA APRICOT Sr No 232	Home Ideas	BLUE SKY II	232	AUTO
FABCARE-S27	A - BLUE SKY II MOKOLO HEXA DAFFODIL Sr No 227	Home Ideas	BLUE SKY II	227	AUTO
FABCARE-S16	A - BLUE SKY II MOKOLO HEXA PUMPKIN Sr No 216	Home Ideas	BLUE SKY II	216	AUTO
FABCARE-S15	A - BLUE SKY II NEWARK NOIR FIRE Sr No 215	Home Ideas	BLUE SKY II	215	AUTO
FABCARE-S25	A - BLUE SKY II NEWARK NOIR MARIGOLD Sr No 225	Home Ideas	BLUE SKY II	225	AUTO
FABCARE-S33	A - BLUE SKY II NEWARK NOIR TUSCANY Sr No 233	Home Ideas	BLUE SKY II	233	AUTO
FABCARE-S30	A - BLUE SKY II OLWEN HAPTIC SUNRISE Sr No 230	Home Ideas	BLUE SKY II	230	AUTO
FABCARE-S36	A - BLUE SKY II SILICON TWINE MARIGOLD Sr No 236	Home Ideas	BLUE SKY II	236	AUTO
FABCARE-S1	A - BLUE SKY II SLALOM TRACK LILLIPOP Sr No 201	Home Ideas	BLUE SKY II	201	AUTO
FABCARE-S28	A - BLUE SKY II SLALOM TRACK MELLOW Sr No 228	Home Ideas	BLUE SKY II	228	AUTO
FABCARE-S7	A - BLUE SKY II SPECTRA TRUG CIDER Sr No 207	Home Ideas	BLUE SKY II	207	AUTO
FABCARE-S17	A - BLUE SKY II SPECTRA TRUG MULBERRY Sr No 217	Home Ideas	BLUE SKY II	217	AUTO
FABCARE-S12	A - BLUE SKY II SPECTRA TRUG ROUGE Sr No 212	Home Ideas	BLUE SKY II	212	AUTO
FABCARE-S38	A - BLUE SKY II TINSEL DDHF90585 40 Sr No 238	Home Ideas	BLUE SKY II	238	AUTO
FABCARE-S13	A - BLUE SKY II TRISTAN STAPLE ROUGE Sr No 213	Home Ideas	BLUE SKY II	213	AUTO
FABCARE-S24	A - BLUE SKY II WENLOW GRAIN MELLOW Sr No 224	Home Ideas	BLUE SKY II	224	AUTO
FABCARE-S34	A - BLUE SKY II WINKLER SASH BUTTER Sr No 234	Home Ideas	BLUE SKY II	234	AUTO
FABCARE-S61	A - BLUE SKY III ADRIATIC DDHF90600 51 Sr No 323 www	Home Ideas	BLUE SKY III	323	AUTO
FABCARE-S80	A - BLUE SKY III ADRIATIC DDHF90600 81 Sr No 342	Home Ideas	BLUE SKY III	342	AUTO
FABCARE-S79	A - BLUE SKY III AUTHENTIC DDHF90587 28 Sr No 341	Home Ideas	BLUE SKY III	341	AUTO
FABCARE-S77	A - BLUE SKY III AUTHENTIC DDHF90587 79 Sr No 339	Home Ideas	BLUE SKY III	339	AUTO
FABCARE-S48	A - BLUE SKY III AUTHENTIC DDHF90587 8 Sr No 310	Home Ideas	BLUE SKY III	310	AUTO
FABCARE-S74	A - BLUE SKY III BRANNON DDHF90589 73 Sr No 336	Home Ideas	BLUE SKY III	336	AUTO
FABCARE-S67	A - BLUE SKY III CHRISTOPHER RIB CHIFFON Sr No 329	Home Ideas	BLUE SKY III	329	AUTO
FABCARE-S62	A - BLUE SKY III CHRISTOPHER RIB TAN Sr No 324	Home Ideas	BLUE SKY III	324	AUTO
FABCARE-S55	A - BLUE SKY III DIONYSUS STRIA IRON Sr No 317	Home Ideas	BLUE SKY III	317	AUTO
FABCARE-S70	A - BLUE SKY III ELYSE FLORA OYSTER Sr No 332	Home Ideas	BLUE SKY III	332	AUTO
FABCARE-S46	A - BLUE SKY III ERIK PIED CHARCOAL Sr No 308	Home Ideas	BLUE SKY III	308	AUTO
FABCARE-S41	A - BLUE SKY III ESTRO PAVE FOSSIL Sr No 303	Home Ideas	BLUE SKY III	303	AUTO
FABCARE-S58	A - BLUE SKY III ESTRO PAVE PARCHMENT Sr No 320	Home Ideas	BLUE SKY III	320	AUTO
FABCARE-S68	A - BLUE SKY III GRIMALDI PEBBLE STONE Sr No 330	Home Ideas	BLUE SKY III	330	AUTO
FABCARE-S50	A - BLUE SKY III HELLIER WAVE SMOKE Sr No 312	Home Ideas	BLUE SKY III	312	AUTO
FABCARE-S76	A - BLUE SKY III HERA ESSENTIAL LATTE Sr No 338	Home Ideas	BLUE SKY III	338	AUTO
FABCARE-S45	A - BLUE SKY III HERA ESSENTIAL PEWTER Sr No 307	Home Ideas	BLUE SKY III	307	AUTO
FABCARE-S57	A - BLUE SKY III LAMONT VEGA PEANUT Sr No 319	Home Ideas	BLUE SKY III	319	AUTO
FABCARE-S39	A - BLUE SKY III LIESEL GRAPHIC ONYX Sr No 301	Home Ideas	BLUE SKY III	301	AUTO
FABCARE-S47	A - BLUE SKY III LIESEL GRAPHIC STEEL Sr No 309	Home Ideas	BLUE SKY III	309	AUTO
FABCARE-S71	A - BLUE SKY III LIESEL GRAPHIC TAUPE Sr No 333	Home Ideas	BLUE SKY III	333	AUTO
FABCARE-S44	A - BLUE SKY III LUMINO DDHF90602 22 Sr No 306	Home Ideas	BLUE SKY III	306	AUTO
FABCARE-S72	A - BLUE SKY III LUMINO DDHF90602 32 Sr No 334	Home Ideas	BLUE SKY III	334	AUTO
FABCARE-S78	A - BLUE SKY III LUMINO DDHF90602 41 Sr No 340	Home Ideas	BLUE SKY III	340	AUTO
FABCARE-S51	A - BLUE SKY III MOKOLO HEXA KOALA Sr No 313	Home Ideas	BLUE SKY III	313	AUTO
FABCARE-S60	A - BLUE SKY III MOKOLO HEXA OAT Sr No 322	Home Ideas	BLUE SKY III	322	AUTO
FABCARE-S54	A - BLUE SKY III NEWARK NOIR STONE Sr No 316	Home Ideas	BLUE SKY III	316	AUTO
FABCARE-S59	A - BLUE SKY III OLWEN HAPTIC DAISY Sr No 321	Home Ideas	BLUE SKY III	321	AUTO
FABCARE-S40	A - BLUE SKY III OLWEN HAPTIC SMOKE Sr No 302	Home Ideas	BLUE SKY III	302	AUTO
FABCARE-S56	A - BLUE SKY III SILICON TWINE MOCHA Sr No 318	Home Ideas	BLUE SKY III	318	AUTO
FABCARE-S63	A - BLUE SKY III SILICON TWINE PEARL Sr No 325	Home Ideas	BLUE SKY III	325	AUTO
FABCARE-S52	A - BLUE SKY III SILICON TWINE PEWTER Sr No 314	Home Ideas	BLUE SKY III	314	AUTO
FABCARE-S69	A - BLUE SKY III SILICON TWINE TUSCANY Sr No 331	Home Ideas	BLUE SKY III	331	AUTO
FABCARE-S43	A - BLUE SKY III SLALOM TRACK THUNDER Sr No 305	Home Ideas	BLUE SKY III	305	AUTO
FABCARE-S64	A - BLUE SKY III SLALOM TRACK TORTILLA Sr No 326	Home Ideas	BLUE SKY III	326	AUTO
FABCARE-S42	A - BLUE SKY III SPECTRA TRUG ONYX Sr No 304	Home Ideas	BLUE SKY III	304	AUTO
FABCARE-S49	A - BLUE SKY III SPECTRA TRUG SMOKE Sr No 311	Home Ideas	BLUE SKY III	311	AUTO
FABCARE-S65	A - BLUE SKY III TINSEL DDHF90585 55 Sr No 327	Home Ideas	BLUE SKY III	327	AUTO
FABCARE-S81	A - BLUE SKY III WENLOW GRAIN LATTE Sr No 343	Home Ideas	BLUE SKY III	343	AUTO
FABCARE-S66	A - BLUE SKY III WENLOW GRAIN MOCHA Sr No 328	Home Ideas	BLUE SKY III	328	AUTO
FABCARE-S73	A - BLUE SKY III WENLOW GRAIN PEANUT Sr No 335	Home Ideas	BLUE SKY III	335	AUTO
FABCARE-S53	A - BLUE SKY III WINKLER SASH FOG Sr No 315	Home Ideas	BLUE SKY III	315	AUTO
FABCARE-S75	A - BLUE SKY III WINKLER SASH WHEAT Sr No 337	Home Ideas	BLUE SKY III	337	AUTO
FABCARE-S90	A - BLUE SKY IV ADRIATIC DDHF90600 42 Sr No 409	Home Ideas	BLUE SKY IV	409	AUTO
FABCARE-S122	A - BLUE SKY IV ADRIATIC DDHF90600 50 Sr No 441	Home Ideas	BLUE SKY IV	441	AUTO
FABCARE-S114	A - BLUE SKY IV ADRIATIC DDHF90600 82 Sr No 433	Home Ideas	BLUE SKY IV	433	AUTO
FABCARE-S111	A - BLUE SKY IV AUTHENTIC DDHF90587 17 Sr No 430	Home Ideas	BLUE SKY IV	430	AUTO
FABCARE-S119	A - BLUE SKY IV AUTHENTIC DDHF90587 22 Sr No 438	Home Ideas	BLUE SKY IV	438	AUTO
FABCARE-S93	A - BLUE SKY IV AUTHENTIC DDHF90587 23 Sr No 412	Home Ideas	BLUE SKY IV	412	AUTO
FABCARE-S110	A - BLUE SKY IV BRANNON FLECK CERULEAN Sr No 429	Home Ideas	BLUE SKY IV	429	AUTO
FABCARE-S94	A - BLUE SKY IV CHRISTOPHER RIB APPLE Sr No 413	Home Ideas	BLUE SKY IV	413	AUTO
FABCARE-S104	A - BLUE SKY IV CHRISTOPHER RIB FIR Sr No 423	Home Ideas	BLUE SKY IV	423	AUTO
FABCARE-S117	A - BLUE SKY IV CROGLIO LATTICE ARCTIC Sr No 436	Home Ideas	BLUE SKY IV	436	AUTO
FABCARE-S126	A - BLUE SKY IV CROGLIO LATTICE CORNFLOWER Sr No 445	Home Ideas	BLUE SKY IV	445	AUTO
FABCARE-S101	A - BLUE SKY IV CROGLIO LATTICE JADE Sr No 420	Home Ideas	BLUE SKY IV	420	AUTO
FABCARE-S116	A - BLUE SKY IV DIONYSUS STRIA TURKISH Sr No 435	Home Ideas	BLUE SKY IV	435	AUTO
FABCARE-S109	A - BLUE SKY IV ELYSE FLORA CERULEAN Sr No 428	Home Ideas	BLUE SKY IV	428	AUTO
FABCARE-S82	A - BLUE SKY IV ELYSE FLORA JADE Sr No 401	Home Ideas	BLUE SKY IV	401	AUTO
FABCARE-S128	A - BLUE SKY IV ERIK PIED GEM Sr No 447	Home Ideas	BLUE SKY IV	447	AUTO
FABCARE-S103	A - BLUE SKY IV ESTRO PAVE FERN Sr No 422	Home Ideas	BLUE SKY IV	422	AUTO
FABCARE-S107	A - BLUE SKY IV FREDON TRACK AQUAMARINE Sr No 426	Home Ideas	BLUE SKY IV	426	AUTO
FABCARE-S88	A - BLUE SKY IV FREDON TRACK LEMONADE Sr No 407	Home Ideas	BLUE SKY IV	407	AUTO
FABCARE-S86	A - BLUE SKY IV GRAVEL DDHF90586 31 Sr No 405	Home Ideas	BLUE SKY IV	405	AUTO
FABCARE-S83	A - BLUE SKY IV GRAVEL DDHF90586 62 Sr No 402	Home Ideas	BLUE SKY IV	402	AUTO
FABCARE-S85	A - BLUE SKY IV GRIMALDI PEBBLE IGUANA Sr No 404	Home Ideas	BLUE SKY IV	404	AUTO
FABCARE-S87	A - BLUE SKY IV HERA ESSENTIAL HUNTER Sr No 406	Home Ideas	BLUE SKY IV	406	AUTO
FABCARE-S97	A - BLUE SKY IV HERA ESSENTIAL PINE Sr No 416	Home Ideas	BLUE SKY IV	416	AUTO
FABCARE-S99	A - BLUE SKY IV LAMONT VEGA SEAFOAM Sr No 418	Home Ideas	BLUE SKY IV	418	AUTO
FABCARE-S113	A - BLUE SKY IV LIESEL GRAPHIC ICE BLUE Sr No 432	Home Ideas	BLUE SKY IV	432	AUTO
FABCARE-S96	A - BLUE SKY IV LIESEL GRAPHIC KELLY Sr No 415	Home Ideas	BLUE SKY IV	415	AUTO
FABCARE-S129	A - BLUE SKY IV LIESEL GRAPHIC SPACE Sr No 448	Home Ideas	BLUE SKY IV	448	AUTO
FABCARE-S125	A - BLUE SKY IV LUMINO DDHF90602 23 Sr No 444	Home Ideas	BLUE SKY IV	444	AUTO
FABCARE-S106	A - BLUE SKY IV LUMINO DDHF90602 25 Sr No 425	Home Ideas	BLUE SKY IV	425	AUTO
FABCARE-S95	A - BLUE SKY IV LUMINO DDHF90602 26 Sr No 414	Home Ideas	BLUE SKY IV	414	AUTO
FABCARE-S130	A - BLUE SKY IV LUMINO DDHF90602 31 Sr No 449	Home Ideas	BLUE SKY IV	449	AUTO
FABCARE-S102	A - BLUE SKY IV METEOR ARCH APPLE Sr No 421	Home Ideas	BLUE SKY IV	421	AUTO
FABCARE-S91	A - BLUE SKY IV MOKOLO HEXA FERN Sr No 410	Home Ideas	BLUE SKY IV	410	AUTO
FABCARE-S115	A - BLUE SKY IV MOKOLO HEXA SKY Sr No 434	Home Ideas	BLUE SKY IV	434	AUTO
FABCARE-S112	A - BLUE SKY IV MOKOLO HEXA YALE Sr No 431	Home Ideas	BLUE SKY IV	431	AUTO
FABCARE-S84	A - BLUE SKY IV NEWARK NOIR APPLE Sr No 403	Home Ideas	BLUE SKY IV	403	AUTO
FABCARE-S124	A - BLUE SKY IV OLWEN HAPTIC SHELL Sr No 443	Home Ideas	BLUE SKY IV	443	AUTO
FABCARE-S98	A - BLUE SKY IV SILICON TWINE APPLE Sr No 417	Home Ideas	BLUE SKY IV	417	AUTO
FABCARE-S121	A - BLUE SKY IV SILICON TWINE CERULEAN Sr No 440	Home Ideas	BLUE SKY IV	440	AUTO
FABCARE-S89	A - BLUE SKY IV SLALOM TRACK PISTACHIO Sr No 408	Home Ideas	BLUE SKY IV	408	AUTO
FABCARE-S127	A - BLUE SKY IV SPECTRA TRUG GEM Sr No 446	Home Ideas	BLUE SKY IV	446	AUTO
FABCARE-S92	A - BLUE SKY IV SPECTRA TRUG KELLY Sr No 411	Home Ideas	BLUE SKY IV	411	AUTO
FABCARE-S118	A - BLUE SKY IV SPECTRA TRUG OCEAN Sr No 437	Home Ideas	BLUE SKY IV	437	AUTO
FABCARE-S100	A - BLUE SKY IV WENLOW GRAIN PICKLE Sr No 419	Home Ideas	BLUE SKY IV	419	AUTO
FABCARE-S108	A - BLUE SKY IV WENLOW GRAIN TURKISH Sr No 427	Home Ideas	BLUE SKY IV	427	AUTO
FABCARE-S123	A - BLUE SKY IV WINKLER SASH CELESTE Sr No 442	Home Ideas	BLUE SKY IV	442	AUTO
FABCARE-S105	A - BLUE SKY IV WINKLER SASH PICKLE Sr No 424	Home Ideas	BLUE SKY IV	424	AUTO
FABCARE-S120	A - BLUE SKY IV WINKLER SASH YALE Sr No 439	Home Ideas	BLUE SKY IV	439	AUTO
17404441	A - BOUTIQUE STRIPE Sr No. 1 Shade DECO STRIPE-FASTLANE-DESERT	Home Ideas	BOUTIQUE STRIPE	1	AUTO
17404450	A - BOUTIQUE STRIPE Sr No. 10 Shade DECO STRIPE-FASTLANE-PEWTER	Home Ideas	BOUTIQUE STRIPE	10	AUTO
17404451	A - BOUTIQUE STRIPE Sr No. 11 Shade DECO STRIPE-FASTLANE-POOL	Home Ideas	BOUTIQUE STRIPE	11	AUTO
17404452	A - BOUTIQUE STRIPE Sr No. 12 Shade DECO STRIPE-FASTLANE-MEDITERRANEAN	Home Ideas	BOUTIQUE STRIPE	12	AUTO
17404453	A - BOUTIQUE STRIPE Sr No. 13 Shade DECO STRIPE-FASTLANE-LAGOON	Home Ideas	BOUTIQUE STRIPE	13	AUTO
17404454	A - BOUTIQUE STRIPE Sr No. 14 Shade DECO STRIPE-FASTLANE-DOVE	Home Ideas	BOUTIQUE STRIPE	14	AUTO
17404455	A - BOUTIQUE STRIPE Sr No. 15 Shade DECO STRIPE-FASTLANE-DUSTY ROSE	Home Ideas	BOUTIQUE STRIPE	15	AUTO
17404456	A - BOUTIQUE STRIPE Sr No. 16 Shade DECO STRIPE-FASTLANE-BLOSSOM	Home Ideas	BOUTIQUE STRIPE	16	AUTO
17404457	A - BOUTIQUE STRIPE Sr No. 17 Shade DECO STRIPE-FASTLANE-LAVENDER	Home Ideas	BOUTIQUE STRIPE	17	AUTO
17404458	A - BOUTIQUE STRIPE Sr No. 18 Shade DECO STRIPE-FASTLANE-FERN	Home Ideas	BOUTIQUE STRIPE	18	AUTO
17404459	A - BOUTIQUE STRIPE Sr No. 19 Shade DECO STRIPE-FASTLANE-CHARTREUSE	Home Ideas	BOUTIQUE STRIPE	19	AUTO
17404442	A - BOUTIQUE STRIPE Sr No. 2 Shade DECO STRIPE-FASTLANE-SPICE	Home Ideas	BOUTIQUE STRIPE	2	AUTO
17404460	A - BOUTIQUE STRIPE Sr No. 20 Shade DECO STRIPE-FASTLANE-CLEMENTINE	Home Ideas	BOUTIQUE STRIPE	20	AUTO
17404461	A - BOUTIQUE STRIPE Sr No. 21 Shade DECO STRIPE-FASTLANE-CARDINAL	Home Ideas	BOUTIQUE STRIPE	21	AUTO
17404462	A - BOUTIQUE STRIPE Sr No. 22 Shade DECO STRIPE-FASTLANE-FUSCHIA	Home Ideas	BOUTIQUE STRIPE	22	AUTO
17404463	A - BOUTIQUE STRIPE Sr No. 23 Shade DECO STRIPE-FASTLANE-PETAL	Home Ideas	BOUTIQUE STRIPE	23	AUTO
17404464	A - BOUTIQUE STRIPE Sr No. 24 Shade DECO STRIPE-FASTLANE-SAPPHIRE	Home Ideas	BOUTIQUE STRIPE	24	AUTO
17404465	A - BOUTIQUE STRIPE Sr No. 25 Shade DECO STRIPE-FASTLANE-MARINE	Home Ideas	BOUTIQUE STRIPE	25	AUTO
17404466	A - BOUTIQUE STRIPE Sr No. 26 Shade DECO STRIPE-FASTLANE-EBONY	Home Ideas	BOUTIQUE STRIPE	26	AUTO
17404443	A - BOUTIQUE STRIPE Sr No. 3 Shade DECO STRIPE-FASTLANE-MINT	Home Ideas	BOUTIQUE STRIPE	3	AUTO
17404444	A - BOUTIQUE STRIPE Sr No. 4 Shade DECO STRIPE-FASTLANE-NATURAL	Home Ideas	BOUTIQUE STRIPE	4	AUTO
17404445	A - BOUTIQUE STRIPE Sr No. 5 Shade DECO STRIPE-FASTLANE-SAGE	Home Ideas	BOUTIQUE STRIPE	5	AUTO
17404446	A - BOUTIQUE STRIPE Sr No. 6 Shade DECO STRIPE-FASTLANE-BUFF	Home Ideas	BOUTIQUE STRIPE	6	AUTO
17404447	A - BOUTIQUE STRIPE Sr No. 7 Shade DECO STRIPE-FASTLANE-MOCHA	Home Ideas	BOUTIQUE STRIPE	7	AUTO
17404448	A - BOUTIQUE STRIPE Sr No. 8 Shade DECO STRIPE-FASTLANE-TAUPE	Home Ideas	BOUTIQUE STRIPE	8	AUTO
17404449	A - BOUTIQUE STRIPE Sr No. 9 Shade DECO STRIPE-FASTLANE-STONE	Home Ideas	BOUTIQUE STRIPE	9	AUTO
FABCARE-S144	A - CHENILLE SOFT CHIC CHENILLE PLUSH ABALONE Sr No 14	Home Ideas	CHENILLE SOFT	14	AUTO
FABCARE-S153	A - CHENILLE SOFT CHIC CHENILLE PLUSH AEGEAN Sr No 23	Home Ideas	CHENILLE SOFT	23	AUTO
FABCARE-S139	A - CHENILLE SOFT CHIC CHENILLE PLUSH BUFF Sr No 9	Home Ideas	CHENILLE SOFT	9	AUTO
FABCARE-S155	A - CHENILLE SOFT CHIC CHENILLE PLUSH CHARCOAL Sr No 25	Home Ideas	CHENILLE SOFT	25	AUTO
FABCARE-S138	A - CHENILLE SOFT CHIC CHENILLE PLUSH CHOCOLATE Sr No 8	Home Ideas	CHENILLE SOFT	8	AUTO
FABCARE-S131	A - CHENILLE SOFT CHIC CHENILLE PLUSH CIDER Sr No 1	Home Ideas	CHENILLE SOFT	1	AUTO
FABCARE-S146	A - CHENILLE SOFT CHIC CHENILLE PLUSH CLOUD Sr No 16	Home Ideas	CHENILLE SOFT	16	AUTO
FABCARE-S149	A - CHENILLE SOFT CHIC CHENILLE PLUSH CREPE Sr No 19	Home Ideas	CHENILLE SOFT	19	AUTO
FABCARE-S141	A - CHENILLE SOFT CHIC CHENILLE PLUSH DAISY Sr No 11	Home Ideas	CHENILLE SOFT	11	AUTO
FABCARE-S135	A - CHENILLE SOFT CHIC CHENILLE PLUSH DIJON Sr No 5	Home Ideas	CHENILLE SOFT	5	AUTO
FABCARE-S143	A - CHENILLE SOFT CHIC CHENILLE PLUSH FOG Sr No 13	Home Ideas	CHENILLE SOFT	13	AUTO
FABCARE-S148	A - CHENILLE SOFT CHIC CHENILLE PLUSH GRAPHITE Sr No 18	Home Ideas	CHENILLE SOFT	18	AUTO
FABCARE-S147	A - CHENILLE SOFT CHIC CHENILLE PLUSH METAL Sr No 17	Home Ideas	CHENILLE SOFT	17	AUTO
FABCARE-S133	A - CHENILLE SOFT CHIC CHENILLE PLUSH MIDNIGHT Sr No 3	Home Ideas	CHENILLE SOFT	3	AUTO
FABCARE-S137	A - CHENILLE SOFT CHIC CHENILLE PLUSH MOCHA Sr No 7	Home Ideas	CHENILLE SOFT	7	AUTO
FABCARE-S151	A - CHENILLE SOFT CHIC CHENILLE PLUSH MOSS Sr No 21	Home Ideas	CHENILLE SOFT	21	AUTO
FABCARE-S140	A - CHENILLE SOFT CHIC CHENILLE PLUSH OAT Sr No 10	Home Ideas	CHENILLE SOFT	10	AUTO
FABCARE-S142	A - CHENILLE SOFT CHIC CHENILLE PLUSH PEARL Sr No 12	Home Ideas	CHENILLE SOFT	12	AUTO
FABCARE-S152	A - CHENILLE SOFT CHIC CHENILLE PLUSH PINE Sr No 22	Home Ideas	CHENILLE SOFT	22	AUTO
FABCARE-S132	A - CHENILLE SOFT CHIC CHENILLE PLUSH RAISIN Sr No 2	Home Ideas	CHENILLE SOFT	2	AUTO
FABCARE-S134	A - CHENILLE SOFT CHIC CHENILLE PLUSH RUST Sr No 4	Home Ideas	CHENILLE SOFT	4	AUTO
FABCARE-S150	A - CHENILLE SOFT CHIC CHENILLE PLUSH SEAFOAM Sr No 20	Home Ideas	CHENILLE SOFT	20	AUTO
FABCARE-S145	A - CHENILLE SOFT CHIC CHENILLE PLUSH TAUPE Sr No 15	Home Ideas	CHENILLE SOFT	15	AUTO
FABCARE-S136	A - CHENILLE SOFT CHIC CHENILLE PLUSH TORTILLA Sr No 6	Home Ideas	CHENILLE SOFT	6	AUTO
FABCARE-S154	A - CHENILLE SOFT CHIC CHENILLE PLUSH YALE Sr No 24	Home Ideas	CHENILLE SOFT	24	AUTO
FABCARE-S156	A - CHENILLE SOFT HANGER CHIC CHENILLE PLUSH DAISY Sr No 1	Home Ideas	CHENILLE SOFT HANGER	1	AUTO
FABCARE-S165	A - COCOON BOUCLE BOUCLE DELIGHT KNOTTY APRICOT Sr No 9	Home Ideas	COCOON BOUCLE	9	AUTO
FABCARE-S189	A - COCOON BOUCLE BOUCLE DELIGHT KNOTTY AUBURN Sr No 33	Home Ideas	COCOON BOUCLE	33	AUTO
FABCARE-S168	A - COCOON BOUCLE BOUCLE DELIGHT KNOTTY BISCOTTI Sr No 12	Home Ideas	COCOON BOUCLE	12	AUTO
FABCARE-S158	A - COCOON BOUCLE BOUCLE DELIGHT KNOTTY CAMEL Sr No 2	Home Ideas	COCOON BOUCLE	2	AUTO
FABCARE-S180	A - COCOON BOUCLE BOUCLE DELIGHT KNOTTY CELERY Sr No 24	Home Ideas	COCOON BOUCLE	24	AUTO
FABCARE-S191	A - COCOON BOUCLE BOUCLE DELIGHT KNOTTY CHARCOAL Sr No 35	Home Ideas	COCOON BOUCLE	35	AUTO
FABCARE-S190	A - COCOON BOUCLE BOUCLE DELIGHT KNOTTY CHESTNUT Sr No 34	Home Ideas	COCOON BOUCLE	34	AUTO
FABCARE-S167	A - COCOON BOUCLE BOUCLE DELIGHT KNOTTY CLAY Sr No 11	Home Ideas	COCOON BOUCLE	11	AUTO
FABCARE-S171	A - COCOON BOUCLE BOUCLE DELIGHT KNOTTY CREME Sr No 15	Home Ideas	COCOON BOUCLE	15	AUTO
FABCARE-S173	A - COCOON BOUCLE BOUCLE DELIGHT KNOTTY CRYSTAL Sr No 17	Home Ideas	COCOON BOUCLE	17	AUTO
FABCARE-S176	A - COCOON BOUCLE BOUCLE DELIGHT KNOTTY DENIM Sr No 20	Home Ideas	COCOON BOUCLE	20	AUTO
FABCARE-S162	A - COCOON BOUCLE BOUCLE DELIGHT KNOTTY ECRU Sr No 6	Home Ideas	COCOON BOUCLE	6	AUTO
FABCARE-S184	A - COCOON BOUCLE BOUCLE DELIGHT KNOTTY FOREST Sr No 28	Home Ideas	COCOON BOUCLE	28	AUTO
FABCARE-S175	A - COCOON BOUCLE BOUCLE DELIGHT KNOTTY HYDRANGEA Sr No 19	Home Ideas	COCOON BOUCLE	19	AUTO
FABCARE-S185	A - COCOON BOUCLE BOUCLE DELIGHT KNOTTY INK Sr No 29	Home Ideas	COCOON BOUCLE	29	AUTO
FABCARE-S172	A - COCOON BOUCLE BOUCLE DELIGHT KNOTTY IVORY Sr No 16	Home Ideas	COCOON BOUCLE	16	AUTO
FABCARE-S157	A - COCOON BOUCLE BOUCLE DELIGHT KNOTTY LINEN Sr No 1	Home Ideas	COCOON BOUCLE	1	AUTO
FABCARE-S178	A - COCOON BOUCLE BOUCLE DELIGHT KNOTTY MEDITERRANEAN Sr No 22	Home Ideas	COCOON BOUCLE	22	AUTO
FABCARE-S181	A - COCOON BOUCLE BOUCLE DELIGHT KNOTTY MINT Sr No 25	Home Ideas	COCOON BOUCLE	25	AUTO
FABCARE-S186	A - COCOON BOUCLE BOUCLE DELIGHT KNOTTY NAVY Sr No 30	Home Ideas	COCOON BOUCLE	30	AUTO
FABCARE-S170	A - COCOON BOUCLE BOUCLE DELIGHT KNOTTY OATMEAL Sr No 14	Home Ideas	COCOON BOUCLE	14	AUTO
FABCARE-S182	A - COCOON BOUCLE BOUCLE DELIGHT KNOTTY OLIVE Sr No 26	Home Ideas	COCOON BOUCLE	26	AUTO
FABCARE-S163	A - COCOON BOUCLE BOUCLE DELIGHT KNOTTY PALE BLUSH Sr No 7	Home Ideas	COCOON BOUCLE	7	AUTO
FABCARE-S164	A - COCOON BOUCLE BOUCLE DELIGHT KNOTTY PETAL Sr No 8	Home Ideas	COCOON BOUCLE	8	AUTO
FABCARE-S174	A - COCOON BOUCLE BOUCLE DELIGHT KNOTTY POWDER BLUE Sr No 18	Home Ideas	COCOON BOUCLE	18	AUTO
FABCARE-S159	A - COCOON BOUCLE BOUCLE DELIGHT KNOTTY RUST Sr No 3	Home Ideas	COCOON BOUCLE	3	AUTO
FABCARE-S166	A - COCOON BOUCLE BOUCLE DELIGHT KNOTTY SAND Sr No 10	Home Ideas	COCOON BOUCLE	10	AUTO
FABCARE-S187	A - COCOON BOUCLE BOUCLE DELIGHT KNOTTY SAPPHIRE Sr No 31	Home Ideas	COCOON BOUCLE	31	AUTO
FABCARE-S161	A - COCOON BOUCLE BOUCLE DELIGHT KNOTTY SILVER Sr No 5	Home Ideas	COCOON BOUCLE	5	AUTO
FABCARE-S177	A - COCOON BOUCLE BOUCLE DELIGHT KNOTTY SLATE BLUE Sr No 21	Home Ideas	COCOON BOUCLE	21	AUTO
FABCARE-S179	A - COCOON BOUCLE BOUCLE DELIGHT KNOTTY SPA Sr No 23	Home Ideas	COCOON BOUCLE	23	AUTO
FABCARE-S188	A - COCOON BOUCLE BOUCLE DELIGHT KNOTTY SPICE Sr No 32	Home Ideas	COCOON BOUCLE	32	AUTO
FABCARE-S183	A - COCOON BOUCLE BOUCLE DELIGHT KNOTTY SPRUCE Sr No 27	Home Ideas	COCOON BOUCLE	27	AUTO
FABCARE-S160	A - COCOON BOUCLE BOUCLE DELIGHT KNOTTY STONE Sr No 4	Home Ideas	COCOON BOUCLE	4	AUTO
FABCARE-S169	A - COCOON BOUCLE BOUCLE DELIGHT KNOTTY WHEAT Sr No 13	Home Ideas	COCOON BOUCLE	13	AUTO
FABCARE-S192	A - COCOON BOUCLE HANGER BOUCLE DELIGHT KNOTTY IVORY Sr No 1	Home Ideas	COCOON BOUCLE HANGER	1	AUTO
FABCARE-S232	A - COMFORT II CASCINA MOTTLED AMAZON Sr No 240	Home Ideas	COMFORT II	240	AUTO
FABCARE-S204	A - COMFORT II CASCINA MOTTLED BEIGE Sr No 212	Home Ideas	COMFORT II	212	AUTO
FABCARE-S196	A - COMFORT II CASCINA MOTTLED CAMEL Sr No 204	Home Ideas	COMFORT II	204	AUTO
FABCARE-S194	A - COMFORT II CASCINA MOTTLED CLEMENTINE Sr No 202	Home Ideas	COMFORT II	202	AUTO
FABCARE-S210	A - COMFORT II CASCINA MOTTLED COBALT Sr No 218	Home Ideas	COMFORT II	218	AUTO
FABCARE-S228	A - COMFORT II CASCINA MOTTLED CORAL Sr No 236	Home Ideas	COMFORT II	236	AUTO
FABCARE-S220	A - COMFORT II CASCINA MOTTLED DOVE Sr No 228	Home Ideas	COMFORT II	228	AUTO
FABCARE-S216	A - COMFORT II CASCINA MOTTLED ECLIPSE BLUE Sr No 224	Home Ideas	COMFORT II	224	AUTO
FABCARE-S234	A - COMFORT II CASCINA MOTTLED FERN Sr No 242	Home Ideas	COMFORT II	242	AUTO
FABCARE-S218	A - COMFORT II CASCINA MOTTLED GRANITE Sr No 226	Home Ideas	COMFORT II	226	AUTO
FABCARE-S202	A - COMFORT II CASCINA MOTTLED IVORY Sr No 210	Home Ideas	COMFORT II	210	AUTO
FABCARE-S212	A - COMFORT II CASCINA MOTTLED LAPIS Sr No 220	Home Ideas	COMFORT II	220	AUTO
FABCARE-S208	A - COMFORT II CASCINA MOTTLED MARINA Sr No 216	Home Ideas	COMFORT II	216	AUTO
FABCARE-S230	A - COMFORT II CASCINA MOTTLED MEHENDI Sr No 238	Home Ideas	COMFORT II	238	AUTO
FABCARE-S214	A - COMFORT II CASCINA MOTTLED PERIWINKLE Sr No 222	Home Ideas	COMFORT II	222	AUTO
FABCARE-S200	A - COMFORT II CASCINA MOTTLED PORTO Sr No 208	Home Ideas	COMFORT II	208	AUTO
FABCARE-S224	A - COMFORT II CASCINA MOTTLED ROSE Sr No 232	Home Ideas	COMFORT II	232	AUTO
FABCARE-S206	A - COMFORT II CASCINA MOTTLED SEAGREEN Sr No 214	Home Ideas	COMFORT II	214	AUTO
FABCARE-S226	A - COMFORT II CASCINA MOTTLED SIENNA Sr No 234	Home Ideas	COMFORT II	234	AUTO
FABCARE-S198	A - COMFORT II CASCINA MOTTLED SILT Sr No 206	Home Ideas	COMFORT II	206	AUTO
FABCARE-S222	A - COMFORT II CASCINA MOTTLED WISTERIA Sr No 230	Home Ideas	COMFORT II	230	AUTO
FABCARE-S231	A - COMFORT II MODE RIPPLE AMAZON Sr No 239	Home Ideas	COMFORT II	239	AUTO
FABCARE-S203	A - COMFORT II MODE RIPPLE BEIGE Sr No 211	Home Ideas	COMFORT II	211	AUTO
FABCARE-S195	A - COMFORT II MODE RIPPLE CAMEL Sr No 203	Home Ideas	COMFORT II	203	AUTO
FABCARE-S193	A - COMFORT II MODE RIPPLE CLEMENTINE Sr No 201	Home Ideas	COMFORT II	201	AUTO
FABCARE-S209	A - COMFORT II MODE RIPPLE COBALT Sr No 217	Home Ideas	COMFORT II	217	AUTO
FABCARE-S227	A - COMFORT II MODE RIPPLE CORAL Sr No 235	Home Ideas	COMFORT II	235	AUTO
FABCARE-S219	A - COMFORT II MODE RIPPLE DOVE Sr No 227	Home Ideas	COMFORT II	227	AUTO
FABCARE-S215	A - COMFORT II MODE RIPPLE ECLIPSE BLUE Sr No 223	Home Ideas	COMFORT II	223	AUTO
FABCARE-S233	A - COMFORT II MODE RIPPLE FERN Sr No 241	Home Ideas	COMFORT II	241	AUTO
FABCARE-S217	A - COMFORT II MODE RIPPLE GRANITE Sr No 225	Home Ideas	COMFORT II	225	AUTO
FABCARE-S201	A - COMFORT II MODE RIPPLE IVORY Sr No 209	Home Ideas	COMFORT II	209	AUTO
FABCARE-S211	A - COMFORT II MODE RIPPLE LAPIS Sr No 219	Home Ideas	COMFORT II	219	AUTO
FABCARE-S207	A - COMFORT II MODE RIPPLE MARINA Sr No 215	Home Ideas	COMFORT II	215	AUTO
FABCARE-S229	A - COMFORT II MODE RIPPLE MEHENDI Sr No 237	Home Ideas	COMFORT II	237	AUTO
FABCARE-S213	A - COMFORT II MODE RIPPLE PERIWINKLE Sr No 221	Home Ideas	COMFORT II	221	AUTO
FABCARE-S199	A - COMFORT II MODE RIPPLE PORTO Sr No 207	Home Ideas	COMFORT II	207	AUTO
FABCARE-S223	A - COMFORT II MODE RIPPLE ROSE Sr No 231	Home Ideas	COMFORT II	231	AUTO
FABCARE-S205	A - COMFORT II MODE RIPPLE SEAGREEN Sr No 213	Home Ideas	COMFORT II	213	AUTO
FABCARE-S225	A - COMFORT II MODE RIPPLE SIENNA Sr No 233	Home Ideas	COMFORT II	233	AUTO
FABCARE-S197	A - COMFORT II MODE RIPPLE SILT Sr No 205	Home Ideas	COMFORT II	205	AUTO
FABCARE-S221	A - COMFORT II MODE RIPPLE WISTERIA Sr No 229	Home Ideas	COMFORT II	229	AUTO
FABCARE-S262	A - COMFORT III RUSTIC BASKETRY AEGEAN Sr No 328	Home Ideas	COMFORT III	328	AUTO
FABCARE-S256	A - COMFORT III RUSTIC BASKETRY BUTTER Sr No 322	Home Ideas	COMFORT III	322	AUTO
FABCARE-S246	A - COMFORT III RUSTIC BASKETRY COFFEE Sr No 312	Home Ideas	COMFORT III	312	AUTO
FABCARE-S244	A - COMFORT III RUSTIC BASKETRY DUNE Sr No 310	Home Ideas	COMFORT III	310	AUTO
FABCARE-S248	A - COMFORT III RUSTIC BASKETRY FLAX Sr No 314	Home Ideas	COMFORT III	314	AUTO
FABCARE-S236	A - COMFORT III RUSTIC BASKETRY MANDARIN Sr No 302	Home Ideas	COMFORT III	302	AUTO
FABCARE-S264	A - COMFORT III RUSTIC BASKETRY MIDNIGHT Sr No 330	Home Ideas	COMFORT III	330	AUTO
FABCARE-S260	A - COMFORT III RUSTIC BASKETRY MINT Sr No 326	Home Ideas	COMFORT III	326	AUTO
FABCARE-S250	A - COMFORT III RUSTIC BASKETRY NATURAL Sr No 316	Home Ideas	COMFORT III	316	AUTO
FABCARE-S240	A - COMFORT III RUSTIC BASKETRY PEAT Sr No 306	Home Ideas	COMFORT III	306	AUTO
FABCARE-S254	A - COMFORT III RUSTIC BASKETRY PORCELAIN Sr No 320	Home Ideas	COMFORT III	320	AUTO
FABCARE-S252	A - COMFORT III RUSTIC BASKETRY PUTTY Sr No 318	Home Ideas	COMFORT III	318	AUTO
FABCARE-S258	A - COMFORT III RUSTIC BASKETRY SPA Sr No 324	Home Ideas	COMFORT III	324	AUTO
FABCARE-S242	A - COMFORT III RUSTIC BASKETRY STEEL Sr No 308	Home Ideas	COMFORT III	308	AUTO
FABCARE-S238	A - COMFORT III RUSTIC BASKETRY TANGERINE Sr No 304	Home Ideas	COMFORT III	304	AUTO
FABCARE-S261	A - COMFORT III SCRIPT ETCHED AEGEAN Sr No 327	Home Ideas	COMFORT III	327	AUTO
FABCARE-S255	A - COMFORT III SCRIPT ETCHED BUTTER Sr No 321	Home Ideas	COMFORT III	321	AUTO
FABCARE-S245	A - COMFORT III SCRIPT ETCHED COFFEE Sr No 311	Home Ideas	COMFORT III	311	AUTO
FABCARE-S243	A - COMFORT III SCRIPT ETCHED DUNE Sr No 309	Home Ideas	COMFORT III	309	AUTO
FABCARE-S247	A - COMFORT III SCRIPT ETCHED FLAX Sr No 313	Home Ideas	COMFORT III	313	AUTO
FABCARE-S235	A - COMFORT III SCRIPT ETCHED MANDARIN Sr No 301	Home Ideas	COMFORT III	301	AUTO
FABCARE-S263	A - COMFORT III SCRIPT ETCHED MIDNIGHT Sr No 329	Home Ideas	COMFORT III	329	AUTO
FABCARE-S259	A - COMFORT III SCRIPT ETCHED MINT Sr No 325	Home Ideas	COMFORT III	325	AUTO
FABCARE-S249	A - COMFORT III SCRIPT ETCHED NATURAL Sr No 315	Home Ideas	COMFORT III	315	AUTO
FABCARE-S239	A - COMFORT III SCRIPT ETCHED PEAT Sr No 305	Home Ideas	COMFORT III	305	AUTO
FABCARE-S253	A - COMFORT III SCRIPT ETCHED PORCELAIN Sr No 319	Home Ideas	COMFORT III	319	AUTO
FABCARE-S251	A - COMFORT III SCRIPT ETCHED PUTTY Sr No 317	Home Ideas	COMFORT III	317	AUTO
FABCARE-S257	A - COMFORT III SCRIPT ETCHED SPA Sr No 323	Home Ideas	COMFORT III	323	AUTO
FABCARE-S241	A - COMFORT III SCRIPT ETCHED STEEL Sr No 307	Home Ideas	COMFORT III	307	AUTO
FABCARE-S237	A - COMFORT III SCRIPT ETCHED TANGERINE Sr No 303	Home Ideas	COMFORT III	303	AUTO
FABCARE-S275	A - COMFORT IV ALLURE RELAX ASH Sr No 411	Home Ideas	COMFORT IV	411	AUTO
FABCARE-S281	A - COMFORT IV ALLURE RELAX AZURE Sr No 417	Home Ideas	COMFORT IV	417	AUTO
FABCARE-S269	A - COMFORT IV ALLURE RELAX CLAY Sr No 405	Home Ideas	COMFORT IV	405	AUTO
FABCARE-S295	A - COMFORT IV ALLURE RELAX DENIM Sr No 431	Home Ideas	COMFORT IV	431	AUTO
FABCARE-S271	A - COMFORT IV ALLURE RELAX ECRU Sr No 407	Home Ideas	COMFORT IV	407	AUTO
FABCARE-S273	A - COMFORT IV ALLURE RELAX EGGSHELL Sr No 409	Home Ideas	COMFORT IV	409	AUTO
FABCARE-S301	A - COMFORT IV ALLURE RELAX FOREST Sr No 437	Home Ideas	COMFORT IV	437	AUTO
FABCARE-S297	A - COMFORT IV ALLURE RELAX INDIGO Sr No 433	Home Ideas	COMFORT IV	433	AUTO
FABCARE-S299	A - COMFORT IV ALLURE RELAX INK Sr No 435	Home Ideas	COMFORT IV	435	AUTO
FABCARE-S285	A - COMFORT IV ALLURE RELAX LINEN Sr No 421	Home Ideas	COMFORT IV	421	AUTO
FABCARE-S287	A - COMFORT IV ALLURE RELAX MIMOSA Sr No 423	Home Ideas	COMFORT IV	423	AUTO
FABCARE-S289	A - COMFORT IV ALLURE RELAX MOCHA Sr No 425	Home Ideas	COMFORT IV	425	AUTO
FABCARE-S291	A - COMFORT IV ALLURE RELAX OTTER Sr No 427	Home Ideas	COMFORT IV	427	AUTO
FABCARE-S267	A - COMFORT IV ALLURE RELAX PEACOCK Sr No 403	Home Ideas	COMFORT IV	403	AUTO
FABCARE-S279	A - COMFORT IV ALLURE RELAX PLATINUM Sr No 415	Home Ideas	COMFORT IV	415	AUTO
FABCARE-S283	A - COMFORT IV ALLURE RELAX SAGE Sr No 419	Home Ideas	COMFORT IV	419	AUTO
FABCARE-S293	A - COMFORT IV ALLURE RELAX SEAL Sr No 429	Home Ideas	COMFORT IV	429	AUTO
FABCARE-S277	A - COMFORT IV ALLURE RELAX SILVER Sr No 413	Home Ideas	COMFORT IV	413	AUTO
FABCARE-S265	A - COMFORT IV ALLURE RELAX STONE Sr No 401	Home Ideas	COMFORT IV	401	AUTO
FABCARE-S276	A - COMFORT IV DIMENSION SIMPLICITY ASH Sr No 412	Home Ideas	COMFORT IV	412	AUTO
FABCARE-S282	A - COMFORT IV DIMENSION SIMPLICITY AZURE Sr No 418	Home Ideas	COMFORT IV	418	AUTO
FABCARE-S270	A - COMFORT IV DIMENSION SIMPLICITY CLAY Sr No 406	Home Ideas	COMFORT IV	406	AUTO
FABCARE-S296	A - COMFORT IV DIMENSION SIMPLICITY DENIM Sr No 432	Home Ideas	COMFORT IV	432	AUTO
FABCARE-S272	A - COMFORT IV DIMENSION SIMPLICITY ECRU Sr No 408	Home Ideas	COMFORT IV	408	AUTO
FABCARE-S274	A - COMFORT IV DIMENSION SIMPLICITY EGGSHELL Sr No 410	Home Ideas	COMFORT IV	410	AUTO
FABCARE-S302	A - COMFORT IV DIMENSION SIMPLICITY FOREST Sr No 438	Home Ideas	COMFORT IV	438	AUTO
FABCARE-S298	A - COMFORT IV DIMENSION SIMPLICITY INDIGO Sr No 434	Home Ideas	COMFORT IV	434	AUTO
FABCARE-S300	A - COMFORT IV DIMENSION SIMPLICITY INK Sr No 436	Home Ideas	COMFORT IV	436	AUTO
FABCARE-S286	A - COMFORT IV DIMENSION SIMPLICITY LINEN Sr No 422	Home Ideas	COMFORT IV	422	AUTO
FABCARE-S288	A - COMFORT IV DIMENSION SIMPLICITY MIMOSA Sr No 424	Home Ideas	COMFORT IV	424	AUTO
FABCARE-S290	A - COMFORT IV DIMENSION SIMPLICITY MOCHA Sr No 426	Home Ideas	COMFORT IV	426	AUTO
FABCARE-S292	A - COMFORT IV DIMENSION SIMPLICITY OTTER Sr No 428	Home Ideas	COMFORT IV	428	AUTO
FABCARE-S268	A - COMFORT IV DIMENSION SIMPLICITY PEACOCK Sr No 404	Home Ideas	COMFORT IV	404	AUTO
FABCARE-S280	A - COMFORT IV DIMENSION SIMPLICITY PLATINUM Sr No 416	Home Ideas	COMFORT IV	416	AUTO
FABCARE-S284	A - COMFORT IV DIMENSION SIMPLICITY SAGE Sr No 420	Home Ideas	COMFORT IV	420	AUTO
FABCARE-S294	A - COMFORT IV DIMENSION SIMPLICITY SEAL Sr No 430	Home Ideas	COMFORT IV	430	AUTO
FABCARE-S278	A - COMFORT IV DIMENSION SIMPLICITY SILVER Sr No 414	Home Ideas	COMFORT IV	414	AUTO
FABCARE-S266	A - COMFORT IV DIMENSION SIMPLICITY STONE Sr No 402	Home Ideas	COMFORT IV	402	AUTO
FAB-CSII-10	A - COTTON SOFT II Sr No. 10	Home Ideas	COTTON SOFT II	10	AUTO
FAB-CSII-33	A - COTTON SOFT II Sr No. 33	Home Ideas	COTTON SOFT II	33	AUTO
FABCARE-S303	A - DELUXE DELUXE PLAIN 01-FEATHER Sr No 1	Home Ideas	DELUXE	1	AUTO
FABCARE-S304	A - DELUXE DELUXE PLAIN 02-DOVE Sr No 2	Home Ideas	DELUXE	2	AUTO
FABCARE-S305	A - DELUXE DELUXE PLAIN 04-STEEL Sr No 4	Home Ideas	DELUXE	4	AUTO
FABCARE-S306	A - DELUXE DELUXE PLAIN 05-CHARCOAL Sr No 5	Home Ideas	DELUXE	5	AUTO
FABCARE-S307	A - DELUXE DELUXE PLAIN 06-ELEPHANT Sr No 6	Home Ideas	DELUXE	6	AUTO
FABCARE-S308	A - DELUXE DELUXE PLAIN 07-HAVANA Sr No 7	Home Ideas	DELUXE	7	AUTO
FABCARE-S309	A - DELUXE DELUXE PLAIN 08-OYSTER Sr No 8	Home Ideas	DELUXE	8	AUTO
FABCARE-S310	A - DELUXE DELUXE PLAIN 09-SEASAME Sr No 9	Home Ideas	DELUXE	9	AUTO
FABCARE-S311	A - DELUXE DELUXE PLAIN 10-DUNE Sr No 10	Home Ideas	DELUXE	10	AUTO
FABCARE-S312	A - DELUXE DELUXE PLAIN 11-NOUGAT Sr No 11	Home Ideas	DELUXE	11	AUTO
FABCARE-S313	A - DELUXE DELUXE PLAIN 12-LIMESTONE Sr No 12	Home Ideas	DELUXE	12	AUTO
FABCARE-S314	A - DELUXE DELUXE PLAIN 13-GRIFFIN Sr No 13	Home Ideas	DELUXE	13	AUTO
FABCARE-S315	A - DELUXE DELUXE PLAIN 14-BALSAM Sr No 14	Home Ideas	DELUXE	14	AUTO
FABCARE-S316	A - DELUXE DELUXE PLAIN 15-PEACOCK Sr No 15	Home Ideas	DELUXE	15	AUTO
FABCARE-S317	A - DELUXE DELUXE PLAIN 16-CYPRESS Sr No 16	Home Ideas	DELUXE	16	AUTO
FABCARE-S318	A - DELUXE DELUXE PLAIN 17-BOTTLE Sr No 17	Home Ideas	DELUXE	17	AUTO
FABCARE-S319	A - DELUXE DELUXE PLAIN 18-LIME Sr No 18	Home Ideas	DELUXE	18	AUTO
FABCARE-S320	A - DELUXE DELUXE PLAIN 19-AMBER Sr No 19	Home Ideas	DELUXE	19	AUTO
FABCARE-S321	A - DELUXE DELUXE PLAIN 20-WOOD Sr No 20	Home Ideas	DELUXE	20	AUTO
FABCARE-S322	A - DELUXE DELUXE PLAIN 21-AUTUMN Sr No 21	Home Ideas	DELUXE	21	AUTO
FABCARE-S323	A - DELUXE DELUXE PLAIN 22-SIENNA Sr No 22	Home Ideas	DELUXE	22	AUTO
FABCARE-S324	A - DELUXE DELUXE PLAIN 24-VINO Sr No 24	Home Ideas	DELUXE	24	AUTO
FABCARE-S325	A - DELUXE DELUXE PLAIN 25-LOLLIPOP Sr No 25	Home Ideas	DELUXE	25	AUTO
FABCARE-S326	A - DELUXE DELUXE PLAIN 26-PLUM Sr No 26	Home Ideas	DELUXE	26	AUTO
FABCARE-S327	A - DELUXE DELUXE PLAIN 27-SKY Sr No 27	Home Ideas	DELUXE	27	AUTO
FABCARE-S328	A - DELUXE DELUXE PLAIN 28-PETROL Sr No 28	Home Ideas	DELUXE	28	AUTO
FABCARE-S329	A - DELUXE DELUXE PLAIN 29-INDIGO Sr No 29	Home Ideas	DELUXE	29	AUTO
FABCARE-S330	A - DELUXE DELUXE PLAIN 30-SCUBA Sr No 30	Home Ideas	DELUXE	30	AUTO
FABCARE-S331	A - DELUXE DELUXE PLAIN 31-CELADON Sr No 31	Home Ideas	DELUXE	31	AUTO
FABCARE-S332	A - DELUXE DELUXE PLAIN 32-LAGOON Sr No 32	Home Ideas	DELUXE	32	AUTO
FABCARE-S333	A - DELUXE HANGER DELUXE PLAIN 01-FEATHER Sr No 1	Home Ideas	DELUXE HANGER	1	AUTO
FPS	A - FUSION PRINTS Sr No. 1 Shade SIMPSON-GARDENIA-HONEY GOLD	Home Ideas	FUSION PRINTS	1	AUTO
FPS0001	A - FUSION PRINTS Sr No. 10 Shade SIMPSON-BRUSHSTROKE-RUBY WINE	Home Ideas	FUSION PRINTS	10	AUTO
FPS0002	A - FUSION PRINTS Sr No. 11 Shade SIMPSON-NOORI-RUBY WINE	Home Ideas	FUSION PRINTS	11	AUTO
FPS0003	A - FUSION PRINTS Sr No. 12 Shade SIMPSON-SANDSTONE-SAND	Home Ideas	FUSION PRINTS	12	AUTO
FPS0004	A - FUSION PRINTS Sr No. 13 Shade SIMPSON-SANDSTONE-RUBY WINE	Home Ideas	FUSION PRINTS	13	AUTO
FPS0005	A - FUSION PRINTS Sr No. 14 Shade SIMPSON-MANDALA-RUBY WINE	Home Ideas	FUSION PRINTS	14	AUTO
FPS0006	A - FUSION PRINTS Sr No. 15 Shade SIMPSON-GARDENIA-OAK	Home Ideas	FUSION PRINTS	15	AUTO
FPS0007	A - FUSION PRINTS Sr No. 16 Shade SIMPSON-WILDWOOD-HONEY GOLD	Home Ideas	FUSION PRINTS	16	AUTO
FPS0008	A - FUSION PRINTS Sr No. 17 Shade SIMPSON-BRUSHSTROKE-HONEY GOLD	Home Ideas	FUSION PRINTS	17	AUTO
FPS0009	A - FUSION PRINTS Sr No. 18 Shade SIMPSON-NOORI-HONEY GOLD	Home Ideas	FUSION PRINTS	18	AUTO
FPS0010	A - FUSION PRINTS Sr No. 19 Shade SIMPSON-SANDSTONE-ASH	Home Ideas	FUSION PRINTS	19	AUTO
FPS0011	A - FUSION PRINTS Sr No. 2 Shade SIMPSON-WILDWOOD-TEAL	Home Ideas	FUSION PRINTS	2	AUTO
FPS0012	A - FUSION PRINTS Sr No. 20 Shade SIMPSON-MANDALA-HONEY GOLD	Home Ideas	FUSION PRINTS	20	AUTO
FPS0013	A - FUSION PRINTS Sr No. 21 Shade SIMPSON-GARDENIA-TAN	Home Ideas	FUSION PRINTS	21	AUTO
FPS0014	A - FUSION PRINTS Sr No. 22 Shade SIMPSON-WILDWOOD-POPPY RED	Home Ideas	FUSION PRINTS	22	AUTO
FPS0015	A - FUSION PRINTS Sr No. 23 Shade SIMPSON-BRUSHSTROKE-POPPY RED	Home Ideas	FUSION PRINTS	23	AUTO
FPS0016	A - FUSION PRINTS Sr No. 24 Shade SIMPSON-NOORI-POPPY RED	Home Ideas	FUSION PRINTS	24	AUTO
FPS0017	A - FUSION PRINTS Sr No. 25 Shade SIMPSON-SANDSTONE-TAN	Home Ideas	FUSION PRINTS	25	AUTO
FPS0018	A - FUSION PRINTS Sr No. 26 Shade SIMPSON-SANDSTONE-BRICK RED	Home Ideas	FUSION PRINTS	26	AUTO
FPS0019	A - FUSION PRINTS Sr No. 27 Shade SIMPSON-MANDALA-POPPY RED	Home Ideas	FUSION PRINTS	27	AUTO
FPS0020	A - FUSION PRINTS Sr No. 28 Shade SIMPSON-GARDENIA-MINERAL BLUE	Home Ideas	FUSION PRINTS	28	AUTO
FPS0021	A - FUSION PRINTS Sr No. 29 Shade SIMPSON-WILDWOOD-BLUESTONE	Home Ideas	FUSION PRINTS	29	AUTO
FPS0022	A - FUSION PRINTS Sr No. 3 Shade SIMPSON-BRUSHSTROKE-TEAL	Home Ideas	FUSION PRINTS	3	AUTO
FPS0023	A - FUSION PRINTS Sr No. 30 Shade SIMPSON-BRUSHSTROKE-BLUESTONE	Home Ideas	FUSION PRINTS	30	AUTO
FPS0024	A - FUSION PRINTS Sr No. 31 Shade SIMPSON-NOORI-BLUESTONE	Home Ideas	FUSION PRINTS	31	AUTO
FPS0025	A - FUSION PRINTS Sr No. 32 Shade SIMPSON-SANDSTONE-SILVER GRAY	Home Ideas	FUSION PRINTS	32	AUTO
FPS0026	A - FUSION PRINTS Sr No. 33 Shade SIMPSON-SANDSTONE-BLUESTONE	Home Ideas	FUSION PRINTS	33	AUTO
FPS0027	A - FUSION PRINTS Sr No. 34 Shade SIMPSON-MANDALA-BLUESTONE	Home Ideas	FUSION PRINTS	34	AUTO
FPS0028	A - FUSION PRINTS Sr No. 35 Shade SIMPSON-GARDENIA-STEEL GRAY	Home Ideas	FUSION PRINTS	35	AUTO
FPS0029	A - FUSION PRINTS Sr No. 36 Shade SIMPSON-WILDWOOD-COCONUT	Home Ideas	FUSION PRINTS	36	AUTO
FPS0030	A - FUSION PRINTS Sr No. 37 Shade SIMPSON-BRUSHSTROKE-COCONUT	Home Ideas	FUSION PRINTS	37	AUTO
FPS0031	A - FUSION PRINTS Sr No. 38 Shade SIMPSON-NOORI-COCONUT	Home Ideas	FUSION PRINTS	38	AUTO
FPS0032	A - FUSION PRINTS Sr No. 39 Shade SIMPSON-SANDSTONE-STEEL GRAY	Home Ideas	FUSION PRINTS	39	AUTO
FPS0033	A - FUSION PRINTS Sr No. 4 Shade SIMPSON-NOORI-TEAL	Home Ideas	FUSION PRINTS	4	AUTO
FPS0034	A - FUSION PRINTS Sr No. 40 Shade SIMPSON-SANDSTONE-COCONUT	Home Ideas	FUSION PRINTS	40	AUTO
FPS0035	A - FUSION PRINTS Sr No. 41 Shade SIMPSON-MANDALA-COCONUT	Home Ideas	FUSION PRINTS	41	AUTO
FPS0036	A - FUSION PRINTS Sr No. 5 Shade SIMPSON-SANDSTONE-HONEY GOLD	Home Ideas	FUSION PRINTS	5	AUTO
FPS0037	A - FUSION PRINTS Sr No. 6 Shade SIMPSON-SANDSTONE-TEAL	Home Ideas	FUSION PRINTS	6	AUTO
FPS0038	A - FUSION PRINTS Sr No. 7 Shade SIMPSON-MANDALA-TEAL	Home Ideas	FUSION PRINTS	7	AUTO
FPS0039	A - FUSION PRINTS Sr No. 8 Shade SIMPSON-GARDENIA-BLUSH	Home Ideas	FUSION PRINTS	8	AUTO
FPS0040	A - FUSION PRINTS Sr No. 9 Shade SIMPSON-WILDWOOD-RUBY WINE	Home Ideas	FUSION PRINTS	9	AUTO
GA	A - Gatsby AC-69023-Bay-Leaf-#14	Home Ideas	GATSBY AC-69023-BAY-LEAF-#14	14	MANUAL
FABCARE-S364	A - HEARTLAND HANGER HEARTLAND PLAIN 01-MIST Sr No 1	Home Ideas	HEARTLAND HANGER	1	AUTO
FABCARE-S334	A - HEARTLAND HEARTLAND PLAIN 01-MIST Sr No 1	Home Ideas	HEARTLAND	1	AUTO
FABCARE-S335	A - HEARTLAND HEARTLAND PLAIN 03-ZINC Sr No 3	Home Ideas	HEARTLAND	3	AUTO
FABCARE-S336	A - HEARTLAND HEARTLAND PLAIN 05-CHARCOAL Sr No 5	Home Ideas	HEARTLAND	5	AUTO
FABCARE-S337	A - HEARTLAND HEARTLAND PLAIN 06-PEWTER Sr No 6	Home Ideas	HEARTLAND	6	AUTO
FABCARE-S338	A - HEARTLAND HEARTLAND PLAIN 07-MOUSE Sr No 7	Home Ideas	HEARTLAND	7	AUTO
FABCARE-S339	A - HEARTLAND HEARTLAND PLAIN 08-CHINCHILLA Sr No 8	Home Ideas	HEARTLAND	8	AUTO
FABCARE-S340	A - HEARTLAND HEARTLAND PLAIN 10-MARBLE Sr No 10	Home Ideas	HEARTLAND	10	AUTO
FABCARE-S341	A - HEARTLAND HEARTLAND PLAIN 12-IVORY Sr No 12	Home Ideas	HEARTLAND	12	AUTO
FABCARE-S342	A - HEARTLAND HEARTLAND PLAIN 13-RAFFIA Sr No 13	Home Ideas	HEARTLAND	13	AUTO
FABCARE-S343	A - HEARTLAND HEARTLAND PLAIN 14-LINEN Sr No 14	Home Ideas	HEARTLAND	14	AUTO
FABCARE-S344	A - HEARTLAND HEARTLAND PLAIN 15-PUTTY Sr No 15	Home Ideas	HEARTLAND	15	AUTO
FABCARE-S345	A - HEARTLAND HEARTLAND PLAIN 18-PEPPER Sr No 18	Home Ideas	HEARTLAND	18	AUTO
FABCARE-S346	A - HEARTLAND HEARTLAND PLAIN 19-TOBACCO Sr No 19	Home Ideas	HEARTLAND	19	AUTO
FABCARE-S347	A - HEARTLAND HEARTLAND PLAIN 20-SIENNA Sr No 20	Home Ideas	HEARTLAND	20	AUTO
FABCARE-S348	A - HEARTLAND HEARTLAND PLAIN 21-CANYON Sr No 21	Home Ideas	HEARTLAND	21	AUTO
FABCARE-S349	A - HEARTLAND HEARTLAND PLAIN 22-FIRE Sr No 22	Home Ideas	HEARTLAND	22	AUTO
FABCARE-S350	A - HEARTLAND HEARTLAND PLAIN 23-SPICE Sr No 23	Home Ideas	HEARTLAND	23	AUTO
FABCARE-S351	A - HEARTLAND HEARTLAND PLAIN 24-PLUM Sr No 24	Home Ideas	HEARTLAND	24	AUTO
FABCARE-S352	A - HEARTLAND HEARTLAND PLAIN 25-AUBERGINE Sr No 25	Home Ideas	HEARTLAND	25	AUTO
FABCARE-S353	A - HEARTLAND HEARTLAND PLAIN 26-MARINE Sr No 26	Home Ideas	HEARTLAND	26	AUTO
FABCARE-S354	A - HEARTLAND HEARTLAND PLAIN 27-INK Sr No 27	Home Ideas	HEARTLAND	27	AUTO
FABCARE-S355	A - HEARTLAND HEARTLAND PLAIN 28-CAPTAIN Sr No 28	Home Ideas	HEARTLAND	28	AUTO
FABCARE-S356	A - HEARTLAND HEARTLAND PLAIN 29-TEAL Sr No 29	Home Ideas	HEARTLAND	29	AUTO
FABCARE-S357	A - HEARTLAND HEARTLAND PLAIN 30-DUCKEGG Sr No 30	Home Ideas	HEARTLAND	30	AUTO
FABCARE-S358	A - HEARTLAND HEARTLAND PLAIN 31-ARUBA Sr No 31	Home Ideas	HEARTLAND	31	AUTO
FABCARE-S359	A - HEARTLAND HEARTLAND PLAIN 32-BOSPHORUS Sr No 32	Home Ideas	HEARTLAND	32	AUTO
FABCARE-S360	A - HEARTLAND HEARTLAND PLAIN 33-IVY Sr No 33	Home Ideas	HEARTLAND	33	AUTO
FABCARE-S361	A - HEARTLAND HEARTLAND PLAIN 35-TURTLE Sr No 35	Home Ideas	HEARTLAND	35	AUTO
FABCARE-S362	A - HEARTLAND HEARTLAND PLAIN 37-SUNFLOWER Sr No 37	Home Ideas	HEARTLAND	37	AUTO
FABCARE-S363	A - HEARTLAND HEARTLAND PLAIN 38-ANTELOPE Sr No 38	Home Ideas	HEARTLAND	38	AUTO
FAB0217250395	A - Home ideas ODYSSEY TEXTURES - EARTH NEUTRALS BOREALIS 15	Home Ideas	ODYSSEY TEXTURES - EARTH NEUTRALS	15	AUTO
FAB0217250387	A - Home ideas ODYSSEY TEXTURES - EARTH NEUTRALS BOUCLE DAWN 7	Home Ideas	ODYSSEY TEXTURES - EARTH NEUTRALS	7	AUTO
FAB0217250382	A - Home ideas ODYSSEY TEXTURES - EARTH NEUTRALS BOUCLE DELIGHT 2	Home Ideas	ODYSSEY TEXTURES - EARTH NEUTRALS	2	AUTO
FAB0217250406	A - Home ideas ODYSSEY TEXTURES - EARTH NEUTRALS BOUCLE DELIGHT 26	Home Ideas	ODYSSEY TEXTURES - EARTH NEUTRALS	26	AUTO
FAB0217250408	A - Home ideas ODYSSEY TEXTURES - EARTH NEUTRALS BOUCLE GRAY 28	Home Ideas	ODYSSEY TEXTURES - EARTH NEUTRALS	28	AUTO
FAB0217250391	A - Home ideas ODYSSEY TEXTURES - EARTH NEUTRALS BOUCLE LANE 11	Home Ideas	ODYSSEY TEXTURES - EARTH NEUTRALS	11	AUTO
FAB0217250398	A - Home ideas ODYSSEY TEXTURES - EARTH NEUTRALS BOUCLETTE 18	Home Ideas	ODYSSEY TEXTURES - EARTH NEUTRALS	18	AUTO
FAB0217250409	A - Home ideas ODYSSEY TEXTURES - EARTH NEUTRALS BOUCLETTE 29	Home Ideas	ODYSSEY TEXTURES - EARTH NEUTRALS	29	AUTO
FAB0217250381	A - Home ideas ODYSSEY TEXTURES - EARTH NEUTRALS CASHMERE 1	Home Ideas	ODYSSEY TEXTURES - EARTH NEUTRALS	1	AUTO
FAB0217250393	A - Home ideas ODYSSEY TEXTURES - EARTH NEUTRALS CASHMERE 13	Home Ideas	ODYSSEY TEXTURES - EARTH NEUTRALS	13	AUTO
FAB0217250401	A - Home ideas ODYSSEY TEXTURES - EARTH NEUTRALS CASHMERE 21	Home Ideas	ODYSSEY TEXTURES - EARTH NEUTRALS	21	AUTO
FAB0217250392	A - Home ideas ODYSSEY TEXTURES - EARTH NEUTRALS CHERRO 12	Home Ideas	ODYSSEY TEXTURES - EARTH NEUTRALS	12	AUTO
FAB0217250384	A - Home ideas ODYSSEY TEXTURES - EARTH NEUTRALS CHERRO 4	Home Ideas	ODYSSEY TEXTURES - EARTH NEUTRALS	4	AUTO
FAB0217250388	A - Home ideas ODYSSEY TEXTURES - EARTH NEUTRALS CHERRO 8	Home Ideas	ODYSSEY TEXTURES - EARTH NEUTRALS	8	AUTO
FAB0217250404	A - Home ideas ODYSSEY TEXTURES - EARTH NEUTRALS CHIC CHENILLE 24	Home Ideas	ODYSSEY TEXTURES - EARTH NEUTRALS	24	AUTO
FAB0217250389	A - Home ideas ODYSSEY TEXTURES - EARTH NEUTRALS CINCH 9	Home Ideas	ODYSSEY TEXTURES - EARTH NEUTRALS	9	AUTO
FAB0217250400	A - Home ideas ODYSSEY TEXTURES - EARTH NEUTRALS FLAMBOYANT 20	Home Ideas	ODYSSEY TEXTURES - EARTH NEUTRALS	20	AUTO
FAB0217250403	A - Home ideas ODYSSEY TEXTURES - EARTH NEUTRALS ITHAQUE 23	Home Ideas	ODYSSEY TEXTURES - EARTH NEUTRALS	23	AUTO
FAB0217250405	A - Home ideas ODYSSEY TEXTURES - EARTH NEUTRALS LEADEN BOUCLE 25	Home Ideas	ODYSSEY TEXTURES - EARTH NEUTRALS	25	AUTO
FAB0217250402	A - Home ideas ODYSSEY TEXTURES - EARTH NEUTRALS LUCCA 22	Home Ideas	ODYSSEY TEXTURES - EARTH NEUTRALS	22	AUTO
FAB0217250399	A - Home ideas ODYSSEY TEXTURES - EARTH NEUTRALS LUNAR 19	Home Ideas	ODYSSEY TEXTURES - EARTH NEUTRALS	19	AUTO
FAB0217250397	A - Home ideas ODYSSEY TEXTURES - EARTH NEUTRALS LUPO 17	Home Ideas	ODYSSEY TEXTURES - EARTH NEUTRALS	17	AUTO
FAB0217250411	A - Home ideas ODYSSEY TEXTURES - EARTH NEUTRALS LUPO 31	Home Ideas	ODYSSEY TEXTURES - EARTH NEUTRALS	31	AUTO
FAB0217250394	A - Home ideas ODYSSEY TEXTURES - EARTH NEUTRALS LUXOR 14	Home Ideas	ODYSSEY TEXTURES - EARTH NEUTRALS	14	AUTO
FAB0217250410	A - Home ideas ODYSSEY TEXTURES - EARTH NEUTRALS MEADOW GRIN 30	Home Ideas	ODYSSEY TEXTURES - EARTH NEUTRALS	30	AUTO
FAB0217250412	A - Home ideas ODYSSEY TEXTURES - EARTH NEUTRALS PANACHE 32	Home Ideas	ODYSSEY TEXTURES - EARTH NEUTRALS	32	AUTO
FAB0217250407	A - Home ideas ODYSSEY TEXTURES - EARTH NEUTRALS PIXEL 27	Home Ideas	ODYSSEY TEXTURES - EARTH NEUTRALS	27	AUTO
FAB0217250390	A - Home ideas ODYSSEY TEXTURES - EARTH NEUTRALS SAVANNAH 10	Home Ideas	ODYSSEY TEXTURES - EARTH NEUTRALS	10	AUTO
FAB0217250383	A - Home ideas ODYSSEY TEXTURES - EARTH NEUTRALS SOLANO 3	Home Ideas	ODYSSEY TEXTURES - EARTH NEUTRALS	3	AUTO
FAB0217250385	A - Home ideas ODYSSEY TEXTURES - EARTH NEUTRALS SOLANO 5	Home Ideas	ODYSSEY TEXTURES - EARTH NEUTRALS	5	AUTO
FAB0217250386	A - Home ideas ODYSSEY TEXTURES - EARTH NEUTRALS SPUME 6	Home Ideas	ODYSSEY TEXTURES - EARTH NEUTRALS	6	AUTO
FAB0217250396	A - Home ideas ODYSSEY TEXTURES - EARTH NEUTRALS TATAMI 16	Home Ideas	ODYSSEY TEXTURES - EARTH NEUTRALS	16	AUTO
FAB0217250425	A - Home ideas ODYSSEY TEXTURES - MYSTIQUE NEUTRALS ARCHTYPE 13	Home Ideas	ODYSSEY TEXTURES - MYSTIQUE NEUTRALS	13	AUTO
FAB0217250445	A - Home ideas ODYSSEY TEXTURES - MYSTIQUE NEUTRALS BOREALIS 33	Home Ideas	ODYSSEY TEXTURES - MYSTIQUE NEUTRALS	33	AUTO
FAB0217250446	A - Home ideas ODYSSEY TEXTURES - MYSTIQUE NEUTRALS BOUCLE DELIGHT 34	Home Ideas	ODYSSEY TEXTURES - MYSTIQUE NEUTRALS	34	AUTO
FAB0217250426	A - Home ideas ODYSSEY TEXTURES - MYSTIQUE NEUTRALS BOUCLE SPUN 14	Home Ideas	ODYSSEY TEXTURES - MYSTIQUE NEUTRALS	14	AUTO
FAB0217250433	A - Home ideas ODYSSEY TEXTURES - MYSTIQUE NEUTRALS BOUCLETTE 21	Home Ideas	ODYSSEY TEXTURES - MYSTIQUE NEUTRALS	21	AUTO
FAB0217250418	A - Home ideas ODYSSEY TEXTURES - MYSTIQUE NEUTRALS BOUCLETTE 6	Home Ideas	ODYSSEY TEXTURES - MYSTIQUE NEUTRALS	6	AUTO
FAB0217250432	A - Home ideas ODYSSEY TEXTURES - MYSTIQUE NEUTRALS CASHMERE 20	Home Ideas	ODYSSEY TEXTURES - MYSTIQUE NEUTRALS	20	AUTO
FAB0217250439	A - Home ideas ODYSSEY TEXTURES - MYSTIQUE NEUTRALS CASHMERE 27	Home Ideas	ODYSSEY TEXTURES - MYSTIQUE NEUTRALS	27	AUTO
FAB0217250442	A - Home ideas ODYSSEY TEXTURES - MYSTIQUE NEUTRALS CASHMERE 30	Home Ideas	ODYSSEY TEXTURES - MYSTIQUE NEUTRALS	30	AUTO
FAB0217250447	A - Home ideas ODYSSEY TEXTURES - MYSTIQUE NEUTRALS CASHMERE 35	Home Ideas	ODYSSEY TEXTURES - MYSTIQUE NEUTRALS	35	AUTO
FAB0217250429	A - Home ideas ODYSSEY TEXTURES - MYSTIQUE NEUTRALS CHENILLE AURA 17	Home Ideas	ODYSSEY TEXTURES - MYSTIQUE NEUTRALS	17	AUTO
FAB0217250415	A - Home ideas ODYSSEY TEXTURES - MYSTIQUE NEUTRALS CHENILLE AURA 3	Home Ideas	ODYSSEY TEXTURES - MYSTIQUE NEUTRALS	3	AUTO
FAB0217250448	A - Home ideas ODYSSEY TEXTURES - MYSTIQUE NEUTRALS CHENILLE AURA 36	Home Ideas	ODYSSEY TEXTURES - MYSTIQUE NEUTRALS	36	AUTO
FAB0217250414	A - Home ideas ODYSSEY TEXTURES - MYSTIQUE NEUTRALS CHENILLE CLAW 2	Home Ideas	ODYSSEY TEXTURES - MYSTIQUE NEUTRALS	2	AUTO
FAB0217250436	A - Home ideas ODYSSEY TEXTURES - MYSTIQUE NEUTRALS CHERRO 24	Home Ideas	ODYSSEY TEXTURES - MYSTIQUE NEUTRALS	24	AUTO
FAB0217250434	A - Home ideas ODYSSEY TEXTURES - MYSTIQUE NEUTRALS CHIC CHENILLE 22	Home Ideas	ODYSSEY TEXTURES - MYSTIQUE NEUTRALS	22	AUTO
FAB0217250428	A - Home ideas ODYSSEY TEXTURES - MYSTIQUE NEUTRALS DEW 16	Home Ideas	ODYSSEY TEXTURES - MYSTIQUE NEUTRALS	16	AUTO
FAB0217250438	A - Home ideas ODYSSEY TEXTURES - MYSTIQUE NEUTRALS ERMINE 26	Home Ideas	ODYSSEY TEXTURES - MYSTIQUE NEUTRALS	26	AUTO
FAB0217250440	A - Home ideas ODYSSEY TEXTURES - MYSTIQUE NEUTRALS ERMINE 28	Home Ideas	ODYSSEY TEXTURES - MYSTIQUE NEUTRALS	28	AUTO
FAB0217250423	A - Home ideas ODYSSEY TEXTURES - MYSTIQUE NEUTRALS FLAMBOYANT 11	Home Ideas	ODYSSEY TEXTURES - MYSTIQUE NEUTRALS	11	AUTO
FAB0217250450	A - Home ideas ODYSSEY TEXTURES - MYSTIQUE NEUTRALS LUCCA 38	Home Ideas	ODYSSEY TEXTURES - MYSTIQUE NEUTRALS	38	AUTO
FAB0217250430	A - Home ideas ODYSSEY TEXTURES - MYSTIQUE NEUTRALS LUPO 18	Home Ideas	ODYSSEY TEXTURES - MYSTIQUE NEUTRALS	18	AUTO
FAB0217250437	A - Home ideas ODYSSEY TEXTURES - MYSTIQUE NEUTRALS LUPO 25	Home Ideas	ODYSSEY TEXTURES - MYSTIQUE NEUTRALS	25	AUTO
FAB0217250421	A - Home ideas ODYSSEY TEXTURES - MYSTIQUE NEUTRALS LUPO 9	Home Ideas	ODYSSEY TEXTURES - MYSTIQUE NEUTRALS	9	AUTO
FAB0217250435	A - Home ideas ODYSSEY TEXTURES - MYSTIQUE NEUTRALS LUXOR 23	Home Ideas	ODYSSEY TEXTURES - MYSTIQUE NEUTRALS	23	AUTO
FAB0217250443	A - Home ideas ODYSSEY TEXTURES - MYSTIQUE NEUTRALS LUXOR 31	Home Ideas	ODYSSEY TEXTURES - MYSTIQUE NEUTRALS	31	AUTO
FAB0217250420	A - Home ideas ODYSSEY TEXTURES - MYSTIQUE NEUTRALS LUXOR 8	Home Ideas	ODYSSEY TEXTURES - MYSTIQUE NEUTRALS	8	AUTO
FAB0217250417	A - Home ideas ODYSSEY TEXTURES - MYSTIQUE NEUTRALS MAGISTIC 5	Home Ideas	ODYSSEY TEXTURES - MYSTIQUE NEUTRALS	5	AUTO
FAB0217250431	A - Home ideas ODYSSEY TEXTURES - MYSTIQUE NEUTRALS MATRIX 19	Home Ideas	ODYSSEY TEXTURES - MYSTIQUE NEUTRALS	19	AUTO
FAB0217250444	A - Home ideas ODYSSEY TEXTURES - MYSTIQUE NEUTRALS MEADOW GRIN 32	Home Ideas	ODYSSEY TEXTURES - MYSTIQUE NEUTRALS	32	AUTO
FAB0217250449	A - Home ideas ODYSSEY TEXTURES - MYSTIQUE NEUTRALS MINK 37	Home Ideas	ODYSSEY TEXTURES - MYSTIQUE NEUTRALS	37	AUTO
FAB0217250441	A - Home ideas ODYSSEY TEXTURES - MYSTIQUE NEUTRALS PANACHE 29	Home Ideas	ODYSSEY TEXTURES - MYSTIQUE NEUTRALS	29	AUTO
FAB0217250416	A - Home ideas ODYSSEY TEXTURES - MYSTIQUE NEUTRALS REVIVE 4	Home Ideas	ODYSSEY TEXTURES - MYSTIQUE NEUTRALS	4	AUTO
FAB0217250419	A - Home ideas ODYSSEY TEXTURES - MYSTIQUE NEUTRALS RITZY 7	Home Ideas	ODYSSEY TEXTURES - MYSTIQUE NEUTRALS	7	AUTO
FAB0217250413	A - Home ideas ODYSSEY TEXTURES - MYSTIQUE NEUTRALS SHODO 1	Home Ideas	ODYSSEY TEXTURES - MYSTIQUE NEUTRALS	1	AUTO
FAB0217250424	A - Home ideas ODYSSEY TEXTURES - MYSTIQUE NEUTRALS STRIA 12	Home Ideas	ODYSSEY TEXTURES - MYSTIQUE NEUTRALS	12	AUTO
FAB0217250427	A - Home ideas ODYSSEY TEXTURES - MYSTIQUE NEUTRALS SWOON 15	Home Ideas	ODYSSEY TEXTURES - MYSTIQUE NEUTRALS	15	AUTO
FAB0217250422	A - Home ideas ODYSSEY TEXTURES - MYSTIQUE NEUTRALS VELVET SHEEN 10	Home Ideas	ODYSSEY TEXTURES - MYSTIQUE NEUTRALS	10	AUTO
LITTLEBRATS24	A - LITTLE BRATS ABACA-CHECK MATE-DAFFODIL DELIGHT Sr. No 24	Home Ideas	LITTLE BRATS	24	AUTO
LITTLEBRATS51	A - LITTLE BRATS ABACA-CHECK MATE-JADE GREEN Sr. No 51	Home Ideas	LITTLE BRATS	51	AUTO
LITTLEBRATS36	A - LITTLE BRATS ABACA-CONFETTI-CANDY FLOSS Sr. No 36	Home Ideas	LITTLE BRATS	36	AUTO
LITTLEBRATS14	A - LITTLE BRATS ABACA-LOST IN THE MAZE-CRAYOLA Sr. No 14	Home Ideas	LITTLE BRATS	14	AUTO
LITTLEBRATS19	A - LITTLE BRATS ABACA-MARINA CHECK-COASTAL TWIST Sr. No 19	Home Ideas	LITTLE BRATS	19	AUTO
LITTLEBRATS5	A - LITTLE BRATS ABACA-STRIPEY-UNION JACK Sr. No 5	Home Ideas	LITTLE BRATS	5	AUTO
LITTLEBRATS12	A - LITTLE BRATS BABRY-DBY50390_140-141 Sr. No 12	Home Ideas	LITTLE BRATS	12	AUTO
LITTLEBRATS7	A - LITTLE BRATS BARBARELLA-PLAYSTICKS-UNION JACK Sr. No 7	Home Ideas	LITTLE BRATS	7	AUTO
LITTLEBRATS49	A - LITTLE BRATS BLOOM FIELDS-BLOOM FIELDS-ROGUE Sr. No 49	Home Ideas	LITTLE BRATS	49	AUTO
LITTLEBRATS8	A - LITTLE BRATS CANVAS-BEEP BEEP-UNION JACK Sr. No 8	Home Ideas	LITTLE BRATS	8	AUTO
LITTLEBRATS44	A - LITTLE BRATS CANVAS-BLOMMA-CORAL COBBLER Sr. No 44	Home Ideas	LITTLE BRATS	44	AUTO
LITTLEBRATS47	A - LITTLE BRATS CANVAS-BLOOM GARDEN-STRAWBERRY KISS Sr. No 47	Home Ideas	LITTLE BRATS	47	AUTO
LITTLEBRATS55	A - LITTLE BRATS CANVAS-BLOOMING LOVE-FRUITY DOVE Sr. No 55	Home Ideas	LITTLE BRATS	55	AUTO
LITTLEBRATS15	A - LITTLE BRATS CANVAS-BON VOYAGE-COASTAL Sr. No 15	Home Ideas	LITTLE BRATS	15	AUTO
LITTLEBRATS1	A - LITTLE BRATS CANVAS-CITY STROLL-UNION JACK Sr. No 1	Home Ideas	LITTLE BRATS	1	AUTO
LITTLEBRATS23	A - LITTLE BRATS CANVAS-DEEP DIVE-CABANA Sr. No 23	Home Ideas	LITTLE BRATS	23	AUTO
LITTLEBRATS30	A - LITTLE BRATS CANVAS-ELEPHANTASTIC-BROWN OAK Sr. No 30	Home Ideas	LITTLE BRATS	30	AUTO
LITTLEBRATS20	A - LITTLE BRATS CANVAS-HAPPINESS IN WAVES-BLUE BAY Sr. No 20	Home Ideas	LITTLE BRATS	20	AUTO
LITTLEBRATS25	A - LITTLE BRATS CANVAS-IN THE WOODS-MACARON Sr. No 25	Home Ideas	LITTLE BRATS	25	AUTO
LITTLEBRATS18	A - LITTLE BRATS CANVAS-LETS SAIL-PRIMARY Sr. No 18	Home Ideas	LITTLE BRATS	18	AUTO
LITTLEBRATS11	A - LITTLE BRATS CANVAS-PEDAL UP-BALMY BLUE Sr. No 11	Home Ideas	LITTLE BRATS	11	AUTO
LITTLEBRATS46	A - LITTLE BRATS CANVAS-PLANTERS-FLAMINGO Sr. No 46	Home Ideas	LITTLE BRATS	46	AUTO
LITTLEBRATS52	A - LITTLE BRATS CANVAS-SECRET GARDEN-CHERRY BLOSOM Sr. No 52	Home Ideas	LITTLE BRATS	52	AUTO
LITTLEBRATS35	A - LITTLE BRATS CANVAS-SPLASHY DUCKS-TRANQUIL Sr. No 35	Home Ideas	LITTLE BRATS	35	AUTO
LITTLEBRATS43	A - LITTLE BRATS CANVAS-STRIPEY-FRESH FIG Sr. No 43	Home Ideas	LITTLE BRATS	43	AUTO
LITTLEBRATS21	A - LITTLE BRATS CANVAS-STRIPEY-SURFER Sr. No 21	Home Ideas	LITTLE BRATS	21	AUTO
LITTLEBRATS29	A - LITTLE BRATS CANVAS-WILDERNESS-FOREST Sr. No 29	Home Ideas	LITTLE BRATS	29	AUTO
LITTLEBRATS37	A - LITTLE BRATS CANVAS-WILDFLOWERS-SUGARPLUM Sr. No 37	Home Ideas	LITTLE BRATS	37	AUTO
LITTLEBRATS4	A - LITTLE BRATS CANVAS-WOOF WOOF-FRENCH VANILLA Sr. No 4	Home Ideas	LITTLE BRATS	4	AUTO
LITTLEBRATS10	A - LITTLE BRATS CITY LIGHTS-CITY LIGHTS-EGGNOG Sr. No 10	Home Ideas	LITTLE BRATS	10	AUTO
LITTLEBRATS6	A - LITTLE BRATS CITY WONDERS-CITY WONDERS-NIGHTSKY Sr. No 6	Home Ideas	LITTLE BRATS	6	AUTO
LITTLEBRATS17	A - LITTLE BRATS DICEY-DBY60285_140-124 Sr. No 17	Home Ideas	LITTLE BRATS	17	AUTO
LITTLEBRATS3	A - LITTLE BRATS DICEY-DBY60285_140-126 Sr. No 3	Home Ideas	LITTLE BRATS	3	AUTO
LITTLEBRATS39	A - LITTLE BRATS DICEY-DBY60285_140-136 Sr. No 39	Home Ideas	LITTLE BRATS	39	AUTO
LITTLEBRATS22	A - LITTLE BRATS DICEY-DBY60285_140-137 Sr. No 22	Home Ideas	LITTLE BRATS	22	AUTO
LITTLEBRATS40	A - LITTLE BRATS DICEY-DBY60285_140-142 Sr. No 40	Home Ideas	LITTLE BRATS	40	AUTO
LITTLEBRATS27	A - LITTLE BRATS DICEY-DBY60285_140-143 Sr. No 27	Home Ideas	LITTLE BRATS	27	AUTO
LITTLEBRATS2	A - LITTLE BRATS DICEY-DBY60285_140-144 Sr. No 2	Home Ideas	LITTLE BRATS	2	AUTO
LITTLEBRATS28	A - LITTLE BRATS DICEY-DBY60285_140-149 Sr. No 28	Home Ideas	LITTLE BRATS	28	AUTO
LITTLEBRATS45	A - LITTLE BRATS DICEY-DBY60285_140-153 Sr. No 45	Home Ideas	LITTLE BRATS	45	AUTO
LITTLEBRATS9	A - LITTLE BRATS DICEY-DBY60285_140-158 Sr. No 9	Home Ideas	LITTLE BRATS	9	AUTO
LITTLEBRATS32	A - LITTLE BRATS DICEY-DBY60285_140-164 Sr. No 32	Home Ideas	LITTLE BRATS	32	AUTO
LITTLEBRATS48	A - LITTLE BRATS DICEY-DBY60285_140-173 Sr. No 48	Home Ideas	LITTLE BRATS	48	AUTO
LITTLEBRATS38	A - LITTLE BRATS DUCKLINGS-DUCKLINGS-DUSK Sr. No 38	Home Ideas	LITTLE BRATS	38	AUTO
LITTLEBRATS42	A - LITTLE BRATS FLAP FLAP-FLAP FLAP-PATSEL PUNCH Sr. No 42	Home Ideas	LITTLE BRATS	42	AUTO
LITTLEBRATS31	A - LITTLE BRATS FLUTTER FLY-FLUTTER FLY-CRUMB CAKE Sr. No 31	Home Ideas	LITTLE BRATS	31	AUTO
LITTLEBRATS26	A - LITTLE BRATS PARADISE-PARADISE-LIME TWIST Sr. No 26	Home Ideas	LITTLE BRATS	26	AUTO
LITTLEBRATS33	A - LITTLE BRATS PC LINEN-COLOR SPLASH-BERMUDA BAY Sr. No 33	Home Ideas	LITTLE BRATS	33	AUTO
LITTLEBRATS41	A - LITTLE BRATS PC LINEN-COLOR SPLASH-BERMUDA BAY Sr. No 41	Home Ideas	LITTLE BRATS	41	AUTO
LITTLEBRATS54	A - LITTLE BRATS PC LINEN-COLOR SPLASH-BUBBLE GUM Sr. No 54	Home Ideas	LITTLE BRATS	54	AUTO
LITTLEBRATS56	A - LITTLE BRATS PC LINEN-COLOR SPLASH-NIGHT OF NAVY Sr. No 56	Home Ideas	LITTLE BRATS	56	AUTO
LITTLEBRATS57	A - LITTLE BRATS PC LINEN-COLOR SPLASH-TRANQUIL TIDE Sr. No 57	Home Ideas	LITTLE BRATS	57	AUTO
LITTLEBRATS50	A - LITTLE BRATS PC LINEN-DOTTY-COTTON CANDY Sr. No 50	Home Ideas	LITTLE BRATS	50	AUTO
LITTLEBRATS13	A - LITTLE BRATS PLUMON-DBY60632-113 Sr. No 13	Home Ideas	LITTLE BRATS	13	AUTO
LITTLEBRATS34	A - LITTLE BRATS SCRIBBLE-SCRIBBLE-EUCALYPTUS Sr. No 34	Home Ideas	LITTLE BRATS	34	AUTO
LITTLEBRATS16	A - LITTLE BRATS SEA CREATURES-SEA CREAT-NAUTICAL Sr. No 16	Home Ideas	LITTLE BRATS	16	AUTO
LITTLEBRATS53	A - LITTLE BRATS Sr. No 53	Home Ideas	LITTLE BRATS	53	AUTO
LIZZO19	A - LIZZO BOUCLETTE-RIOS-CHALK Sr. No 19	Home Ideas	LIZZO	19	AUTO
LIZZO5	A - LIZZO BOUCLETTE-RIOS-CHARCOAL Sr. No 5	Home Ideas	LIZZO	5	AUTO
LIZZO2	A - LIZZO BOUCLETTE-RIOS-DIJON Sr. No 2	Home Ideas	LIZZO	2	AUTO
LIZZO13	A - LIZZO BOUCLETTE-RIOS-FOG Sr. No 13	Home Ideas	LIZZO	13	AUTO
LIZZO16	A - LIZZO BOUCLETTE-RIOS-PEBBLE Sr. No 16	Home Ideas	LIZZO	16	AUTO
LIZZO8	A - LIZZO BOUCLETTE-RIOS-POWDER BLUE Sr. No 8	Home Ideas	LIZZO	8	AUTO
LIZZO11	A - LIZZO BOUCLETTE-RIOS-TABAC Sr. No 11	Home Ideas	LIZZO	11	AUTO
LIZZO14	A - LIZZO CHERRO-LYRA-CHARCOAL Sr. No 14	Home Ideas	LIZZO	14	AUTO
LIZZO9	A - LIZZO CHERRO-LYRA-INK Sr. No 9	Home Ideas	LIZZO	9	AUTO
LIZZO17	A - LIZZO CHERRO-LYRA-IVORY Sr. No 17	Home Ideas	LIZZO	17	AUTO
LIZZO3	A - LIZZO CHERRO-LYRA-LINEN Sr. No 3	Home Ideas	LIZZO	3	AUTO
LIZZO6	A - LIZZO CHERRO-LYRA-SILVER GREY Sr. No 6	Home Ideas	LIZZO	6	AUTO
LIZZO7	A - LIZZO MAGISTIC-BROADWAY-AQUMARINE Sr. No 7	Home Ideas	LIZZO	7	AUTO
LIZZO10	A - LIZZO MAGISTIC-BROADWAY-CALICO Sr. No 10	Home Ideas	LIZZO	10	AUTO
LIZZO12	A - LIZZO MAGISTIC-BROADWAY-GREYSCALE Sr. No 12	Home Ideas	LIZZO	12	AUTO
LIZZO4	A - LIZZO MAGISTIC-BROADWAY-MINERAL Sr. No 4	Home Ideas	LIZZO	4	AUTO
LIZZO18	A - LIZZO MAGISTIC-BROADWAY-MOONBEAM Sr. No 18	Home Ideas	LIZZO	18	AUTO
LIZZO15	A - LIZZO MAGISTIC-BROADWAY-PARCHMENT Sr. No 15	Home Ideas	LIZZO	15	AUTO
LIZZO1	A - LIZZO MAGISTIC-BROADWAY-SAND Sr. No 1	Home Ideas	LIZZO	1	AUTO
MERINO-1	A - MERINO S No.1 LUPO-FAUX FUR-SNOW	Home Ideas	MERINO S NO.1 LUPO-FAUX FUR-SNOW		MANUAL
MERINO-10	A - MERINO S No.10 LUPO-FAUX FUR-TABAC	Home Ideas	MERINO S NO.10 LUPO-FAUX FUR-TABAC		MANUAL
MERINO-11	A - MERINO S No.11 ERMINE-MINK-IVORY	Home Ideas	MERINO S NO.11 ERMINE-MINK-IVORY		MANUAL
MERINO-12	A - MERINO S No.12 ERMINE-MINK-OYSTER	Home Ideas	MERINO S NO.12 ERMINE-MINK-OYSTER		MANUAL
MERINO-13	A - MERINO S No.13 ERMINE-MINK-TABAC	Home Ideas	MERINO S NO.13 ERMINE-MINK-TABAC		MANUAL
MERINO-14	A - MERINO S No.14 ERMINE-MINK-CLOUD	Home Ideas	MERINO S NO.14 ERMINE-MINK-CLOUD		MANUAL
MERINO-15	A - MERINO S No.15 ERMINE-MINK-PEWTER	Home Ideas	MERINO S NO.15 ERMINE-MINK-PEWTER		MANUAL
MERINO-16	A - MERINO S No.16 ERMINE-MINK-ONXY	Home Ideas	MERINO S NO.16 ERMINE-MINK-ONXY		MANUAL
MERINO-2	A - MERINO S No.2 ERMINE-MINK-SNOW	Home Ideas	MERINO S NO.2 ERMINE-MINK-SNOW		MANUAL
MERINO-3	A - MERINO S No.3 LUXOR-COUSCOUS-PEARL	Home Ideas	MERINO S NO.3 LUXOR-COUSCOUS-PEARL		MANUAL
MERINO04	A - MERINO S No.4 LUXOR-COUSCOUS-FAWN	Home Ideas	MERINO S NO.4 LUXOR-COUSCOUS-FAWN		MANUAL
MERINO-5	A - MERINO S No.5 LUXOR-COUSCOUS-CLOUD	Home Ideas	MERINO S NO.5 LUXOR-COUSCOUS-CLOUD		MANUAL
MERINO-6	A - MERINO S No.6 LUXOR-COUSCOUS-PEWTER	Home Ideas	MERINO S NO.6 LUXOR-COUSCOUS-PEWTER		MANUAL
MERINO-7	A - MERINO S No.7 LUPO-FAUX FUR-OAT	Home Ideas	MERINO S NO.7 LUPO-FAUX FUR-OAT		MANUAL
MERINO-8	A - MERINO S No.8 LUPO-FAUX FUR-CLOUD	Home Ideas	MERINO S NO.8 LUPO-FAUX FUR-CLOUD		MANUAL
MERINO-9	A - MERINO S No.9 LUPO-FAUX FUR-PEWTER	Home Ideas	MERINO S NO.9 LUPO-FAUX FUR-PEWTER		MANUAL
NLS	A - NAPALON LEATHER Sr No. 1 Shade COSKIN-PLAIN-201	Home Ideas	NAPALON LEATHER	1	AUTO
NLS0001	A - NAPALON LEATHER Sr No. 10 Shade COSKIN-PLAIN-206	Home Ideas	NAPALON LEATHER	10	AUTO
NLS0002	A - NAPALON LEATHER Sr No. 11 Shade COSKIN-PLAIN-207	Home Ideas	NAPALON LEATHER	11	AUTO
NLS0003	A - NAPALON LEATHER Sr No. 12 Shade PELLISSIMO-PLAIN-105	Home Ideas	NAPALON LEATHER	12	AUTO
NLS0004	A - NAPALON LEATHER Sr No. 13 Shade COSKIN-PLAIN-208	Home Ideas	NAPALON LEATHER	13	AUTO
NLS0005	A - NAPALON LEATHER Sr No. 14 Shade COSKIN-PLAIN-216	Home Ideas	NAPALON LEATHER	14	AUTO
NLS0006	A - NAPALON LEATHER Sr No. 15 Shade COSKIN-PLAIN-217	Home Ideas	NAPALON LEATHER	15	AUTO
NLS0007	A - NAPALON LEATHER Sr No. 16 Shade PELLISSIMO-PLAIN-106	Home Ideas	NAPALON LEATHER	16	AUTO
NLS0008	A - NAPALON LEATHER Sr No. 17 Shade COSKIN-PLAIN-209	Home Ideas	NAPALON LEATHER	17	AUTO
NLS0009	A - NAPALON LEATHER Sr No. 18 Shade COSKIN-PLAIN-210	Home Ideas	NAPALON LEATHER	18	AUTO
NLS0010	A - NAPALON LEATHER Sr No. 19 Shade PELLISSIMO-PLAIN-107	Home Ideas	NAPALON LEATHER	19	AUTO
NLS0011	A - NAPALON LEATHER Sr No. 2 Shade COSKIN-PLAIN-202	Home Ideas	NAPALON LEATHER	2	AUTO
NLS0012	A - NAPALON LEATHER Sr No. 20 Shade COSKIN-PLAIN-211	Home Ideas	NAPALON LEATHER	20	AUTO
NLS0013	A - NAPALON LEATHER Sr No. 21 Shade COSKIN-PLAIN-212	Home Ideas	NAPALON LEATHER	21	AUTO
NLS0014	A - NAPALON LEATHER Sr No. 22 Shade COSKIN-PLAIN-213	Home Ideas	NAPALON LEATHER	22	AUTO
NLS0015	A - NAPALON LEATHER Sr No. 23 Shade COSKIN-PLAIN-214	Home Ideas	NAPALON LEATHER	23	AUTO
NLS0016	A - NAPALON LEATHER Sr No. 24 Shade PELLISSIMO-PLAIN-108	Home Ideas	NAPALON LEATHER	24	AUTO
NLS0017	A - NAPALON LEATHER Sr No. 25 Shade PELLISSIMO-PLAIN-109	Home Ideas	NAPALON LEATHER	25	AUTO
NLS0018	A - NAPALON LEATHER Sr No. 26 Shade COSKIN-PLAIN-215	Home Ideas	NAPALON LEATHER	26	AUTO
NLS0019	A - NAPALON LEATHER Sr No. 3 Shade PELLISSIMO-PLAIN-101	Home Ideas	NAPALON LEATHER	3	AUTO
NLS0020	A - NAPALON LEATHER Sr No. 4 Shade COSKIN-PLAIN-203	Home Ideas	NAPALON LEATHER	4	AUTO
NLS0021	A - NAPALON LEATHER Sr No. 5 Shade PELLISSIMO-PLAIN-102	Home Ideas	NAPALON LEATHER	5	AUTO
NLS0022	A - NAPALON LEATHER Sr No. 6 Shade COSKIN-PLAIN-204	Home Ideas	NAPALON LEATHER	6	AUTO
NLS0023	A - NAPALON LEATHER Sr No. 7 Shade PELLISSIMO-PLAIN-103	Home Ideas	NAPALON LEATHER	7	AUTO
NLS0024	A - NAPALON LEATHER Sr No. 8 Shade COSKIN-PLAIN-205	Home Ideas	NAPALON LEATHER	8	AUTO
NLS0025	A - NAPALON LEATHER Sr No. 9 Shade PELLISSIMO-PLAIN-104	Home Ideas	NAPALON LEATHER	9	AUTO
NMS	A - NEW MELODY Sr No. 1 Shade MELODY-MELODY-7	Home Ideas	NEW MELODY	1	AUTO
NMS0001	A - NEW MELODY Sr No. 10 Shade MELODY-MELODY-22	Home Ideas	NEW MELODY	10	AUTO
NMS0002	A - NEW MELODY Sr No. 11 Shade MELODY-MELODY-6	Home Ideas	NEW MELODY	11	AUTO
NMS0003	A - NEW MELODY Sr No. 12 Shade MELODY-MELODY-5	Home Ideas	NEW MELODY	12	AUTO
NMS0004	A - NEW MELODY Sr No. 13 Shade MELODY-MELODY-30	Home Ideas	NEW MELODY	13	AUTO
NMS0005	A - NEW MELODY Sr No. 14 Shade MELODY-MELODY-31	Home Ideas	NEW MELODY	14	AUTO
NMS0006	A - NEW MELODY Sr No. 15 Shade MELODY-MELODY-17	Home Ideas	NEW MELODY	15	AUTO
NMS0007	A - NEW MELODY Sr No. 16 Shade MELODY-MELODY-33	Home Ideas	NEW MELODY	16	AUTO
NMS0008	A - NEW MELODY Sr No. 17 Shade MELODY-MELODY-23	Home Ideas	NEW MELODY	17	AUTO
NMS0009	A - NEW MELODY Sr No. 18 Shade MELODY-MELODY-32	Home Ideas	NEW MELODY	18	AUTO
NMS0010	A - NEW MELODY Sr No. 19 Shade MELODY-MELODY-24	Home Ideas	NEW MELODY	19	AUTO
NMS0011	A - NEW MELODY Sr No. 2 Shade MELODY-MELODY-9	Home Ideas	NEW MELODY	2	AUTO
NMS0012	A - NEW MELODY Sr No. 20 Shade MELODY-MELODY-34	Home Ideas	NEW MELODY	20	AUTO
NMS0013	A - NEW MELODY Sr No. 21 Shade MELODY-MELODY-10	Home Ideas	NEW MELODY	21	AUTO
NMS0014	A - NEW MELODY Sr No. 22 Shade MELODY-MELODY-11	Home Ideas	NEW MELODY	22	AUTO
NMS0015	A - NEW MELODY Sr No. 23 Shade MELODY-MELODY-29	Home Ideas	NEW MELODY	23	AUTO
NMS0016	A - NEW MELODY Sr No. 24 Shade MELODY-MELODY-28	Home Ideas	NEW MELODY	24	AUTO
NMS0017	A - NEW MELODY Sr No. 25 Shade MELODY-MELODY-27	Home Ideas	NEW MELODY	25	AUTO
NMS0018	A - NEW MELODY Sr No. 26 Shade MELODY-PLAIN-41	Home Ideas	NEW MELODY	26	AUTO
NMS0019	A - NEW MELODY Sr No. 27 Shade MELODY-PLAIN-42	Home Ideas	NEW MELODY	27	AUTO
NMS0020	A - NEW MELODY Sr No. 28 Shade MELODY-PLAIN-43	Home Ideas	NEW MELODY	28	AUTO
NMS0021	A - NEW MELODY Sr No. 29 Shade MELODY-PLAIN-44	Home Ideas	NEW MELODY	29	AUTO
NMS0022	A - NEW MELODY Sr No. 3 Shade MELODY-MELODY-8	Home Ideas	NEW MELODY	3	AUTO
NMS0023	A - NEW MELODY Sr No. 30 Shade MELODY-PLAIN-45	Home Ideas	NEW MELODY	30	AUTO
NMS0024	A - NEW MELODY Sr No. 31 Shade MELODY-PLAIN-46	Home Ideas	NEW MELODY	31	AUTO
NMS0025	A - NEW MELODY Sr No. 32 Shade MELODY-PLAIN-47	Home Ideas	NEW MELODY	32	AUTO
NMS0026	A - NEW MELODY Sr No. 33 Shade MELODY-PLAIN-48	Home Ideas	NEW MELODY	33	AUTO
NMS0027	A - NEW MELODY Sr No. 34 Shade MELODY-PLAIN-49	Home Ideas	NEW MELODY	34	AUTO
NMS0028	A - NEW MELODY Sr No. 4 Shade MELODY-MELODY-13	Home Ideas	NEW MELODY	4	AUTO
NMS0029	A - NEW MELODY Sr No. 5 Shade MELODY-MELODY-20	Home Ideas	NEW MELODY	5	AUTO
NMS0030	A - NEW MELODY Sr No. 6 Shade MELODY-MELODY-19	Home Ideas	NEW MELODY	6	AUTO
NMS0031	A - NEW MELODY Sr No. 7 Shade MELODY-MELODY-2	Home Ideas	NEW MELODY	7	AUTO
NMS0032	A - NEW MELODY Sr No. 8 Shade MELODY-MELODY-3	Home Ideas	NEW MELODY	8	AUTO
NMS0033	A - NEW MELODY Sr No. 9 Shade MELODY-MELODY-21	Home Ideas	NEW MELODY	9	AUTO
FABCARE-S399	A - NEW MOLFINO NEW MOLFINO SOFT CHENILLE ARMY Sr No 35	Home Ideas	NEW MOLFINO	35	AUTO
FABCARE-S378	A - NEW MOLFINO NEW MOLFINO SOFT CHENILLE CHIFFON Sr No 14	Home Ideas	NEW MOLFINO	14	AUTO
FABCARE-S381	A - NEW MOLFINO NEW MOLFINO SOFT CHENILLE CLOUD Sr No 17	Home Ideas	NEW MOLFINO	17	AUTO
FABCARE-S365	A - NEW MOLFINO NEW MOLFINO SOFT CHENILLE COTTON Sr No 1	Home Ideas	NEW MOLFINO	1	AUTO
FABCARE-S380	A - NEW MOLFINO NEW MOLFINO SOFT CHENILLE DAISY Sr No 16	Home Ideas	NEW MOLFINO	16	AUTO
FABCARE-S386	A - NEW MOLFINO NEW MOLFINO SOFT CHENILLE INDIGO Sr No 22	Home Ideas	NEW MOLFINO	22	AUTO
FABCARE-S379	A - NEW MOLFINO NEW MOLFINO SOFT CHENILLE IVORY Sr No 15	Home Ideas	NEW MOLFINO	15	AUTO
FABCARE-S392	A - NEW MOLFINO NEW MOLFINO SOFT CHENILLE LIGHT BLUE Sr No 28	Home Ideas	NEW MOLFINO	28	AUTO
FABCARE-S375	A - NEW MOLFINO NEW MOLFINO SOFT CHENILLE PEANUT Sr No 11	Home Ideas	NEW MOLFINO	11	AUTO
FABCARE-S394	A - NEW MOLFINO NEW MOLFINO SOFT CHENILLE PISTACHIO Sr No 30	Home Ideas	NEW MOLFINO	30	AUTO
FABCARE-S398	A - NEW MOLFINO NEW MOLFINO SOFT CHENILLE SAGE Sr No 34	Home Ideas	NEW MOLFINO	34	AUTO
FABCARE-S391	A - NEW MOLFINO SOFT CHENILLE Steel Blue Sr No 27	Home Ideas	NEW MOLFINO	27	AUTO
FABCARE-S389	A - NEW MOLFINO-SOFT CHENILLE-AEGEAN Sr No 25	Home Ideas	NEW MOLFINO	25	AUTO
FABCARE-S366	A - NEW MOLFINO-SOFT CHENILLE-BEIGE Sr No 2	Home Ideas	NEW MOLFINO	2	AUTO
FABCARE-S377	A - NEW MOLFINO-SOFT CHENILLE-BISCOTTI Sr No 13	Home Ideas	NEW MOLFINO	13	AUTO
FABCARE-S367	A - NEW MOLFINO-SOFT CHENILLE-CANARY Sr No 3	Home Ideas	NEW MOLFINO	3	AUTO
FABCARE-S368	A - NEW MOLFINO-SOFT CHENILLE-CHARCOAL Sr No 4	Home Ideas	NEW MOLFINO	4	AUTO
FABCARE-S374	A - NEW MOLFINO-SOFT CHENILLE-COFFEE Sr No 10	Home Ideas	NEW MOLFINO	10	AUTO
FABCARE-S387	A - NEW MOLFINO-SOFT CHENILLE-DENIM Sr No 23	Home Ideas	NEW MOLFINO	23	AUTO
FABCARE-S371	A - NEW MOLFINO-SOFT CHENILLE-FAWN Sr No 7	Home Ideas	NEW MOLFINO	7	AUTO
FABCARE-S382	A - NEW MOLFINO-SOFT CHENILLE-FOG Sr No 18	Home Ideas	NEW MOLFINO	18	AUTO
FABCARE-S397	A - NEW MOLFINO-SOFT CHENILLE-FOREST Sr No 33	Home Ideas	NEW MOLFINO	33	AUTO
FABCARE-S405	A - NEW MOLFINO-SOFT CHENILLE-GOLD Sr No 41	Home Ideas	NEW MOLFINO	41	AUTO
FABCARE-S383	A - NEW MOLFINO-SOFT CHENILLE-GRAY Sr No 19	Home Ideas	NEW MOLFINO	19	AUTO
FABCARE-S406	A - NEW MOLFINO-SOFT CHENILLE-HONEY Sr No 42	Home Ideas	NEW MOLFINO	42	AUTO
FABCARE-S376	A - NEW MOLFINO-SOFT CHENILLE-LATTE Sr No 12	Home Ideas	NEW MOLFINO	12	AUTO
FABCARE-S395	A - NEW MOLFINO-SOFT CHENILLE-MINT Sr No 31	Home Ideas	NEW MOLFINO	31	AUTO
FABCARE-S404	A - NEW MOLFINO-SOFT CHENILLE-MUSTARD Sr No 40	Home Ideas	NEW MOLFINO	40	AUTO
FABCARE-S390	A - NEW MOLFINO-SOFT CHENILLE-OCEAN Sr No 26	Home Ideas	NEW MOLFINO	26	AUTO
FABCARE-S369	A - NEW MOLFINO-SOFT CHENILLE-PEARL Sr No 5	Home Ideas	NEW MOLFINO	5	AUTO
FABCARE-S385	A - NEW MOLFINO-SOFT CHENILLE-PEWTER Sr No 21	Home Ideas	NEW MOLFINO	21	AUTO
FABCARE-S400	A - NEW MOLFINO-SOFT CHENILLE-PINE Sr No 36	Home Ideas	NEW MOLFINO	36	AUTO
FABCARE-S403	A - NEW MOLFINO-SOFT CHENILLE-RUST Sr No 39	Home Ideas	NEW MOLFINO	39	AUTO
FABCARE-S372	A - NEW MOLFINO-SOFT CHENILLE-SAND Sr No 8	Home Ideas	NEW MOLFINO	8	AUTO
FABCARE-S384	A - NEW MOLFINO-SOFT CHENILLE-SEAL Sr No 20	Home Ideas	NEW MOLFINO	20	AUTO
FABCARE-S370	A - NEW MOLFINO-SOFT CHENILLE-SILVER Sr No 6	Home Ideas	NEW MOLFINO	6	AUTO
FABCARE-S393	A - NEW MOLFINO-SOFT CHENILLE-SKY Sr No 29	Home Ideas	NEW MOLFINO	29	AUTO
FABCARE-S402	A - NEW MOLFINO-SOFT CHENILLE-SPICE Sr No 38	Home Ideas	NEW MOLFINO	38	AUTO
FABCARE-S388	A - NEW MOLFINO-SOFT CHENILLE-SPRUCE Sr No 24	Home Ideas	NEW MOLFINO	24	AUTO
FABCARE-S407	A - NEW MOLFINO-SOFT CHENILLE-TANGERINE Sr No 43	Home Ideas	NEW MOLFINO	43	AUTO
FABCARE-S396	A - NEW MOLFINO-SOFT CHENILLE-TEAL Sr No 32	Home Ideas	NEW MOLFINO	32	AUTO
FABCARE-S373	A - NEW MOLFINO-SOFT CHENILLE-TORTILLA Sr No 9	Home Ideas	NEW MOLFINO	9	AUTO
NRS	A - NEW ROYAL Sr No. 1 Shade REGAL-PLAIN-102	Home Ideas	NEW ROYAL	1	AUTO
NRS0001	A - NEW ROYAL Sr No. 10 Shade REGAL-PLAIN-38	Home Ideas	NEW ROYAL	10	AUTO
NRS0002	A - NEW ROYAL Sr No. 11 Shade REGAL-PLAIN-24	Home Ideas	NEW ROYAL	11	AUTO
NRS0003	A - NEW ROYAL Sr No. 12 Shade REGAL-PLAIN-26	Home Ideas	NEW ROYAL	12	AUTO
NRS0004	A - NEW ROYAL Sr No. 13 Shade REGAL-PLAIN-109	Home Ideas	NEW ROYAL	13	AUTO
NRS0005	A - NEW ROYAL Sr No. 14 Shade REGAL-PLAIN-91	Home Ideas	NEW ROYAL	14	AUTO
NRS0006	A - NEW ROYAL Sr No. 15 Shade REGAL-PLAIN-1	Home Ideas	NEW ROYAL	15	AUTO
NRS0007	A - NEW ROYAL Sr No. 16 Shade REGAL-PLAIN-8	Home Ideas	NEW ROYAL	16	AUTO
NRS0008	A - NEW ROYAL Sr No. 17 Shade REGAL-PLAIN-9	Home Ideas	NEW ROYAL	17	AUTO
NRS0009	A - NEW ROYAL Sr No. 18 Shade REGAL-PLAIN-14	Home Ideas	NEW ROYAL	18	AUTO
NRS0010	A - NEW ROYAL Sr No. 19 Shade REGAL-PLAIN-12	Home Ideas	NEW ROYAL	19	AUTO
NRS0011	A - NEW ROYAL Sr No. 2 Shade REGAL-PLAIN-27	Home Ideas	NEW ROYAL	2	AUTO
NRS0012	A - NEW ROYAL Sr No. 20 Shade REGAL-PLAIN-15	Home Ideas	NEW ROYAL	20	AUTO
NRS0013	A - NEW ROYAL Sr No. 21 Shade REGAL-PLAIN-112	Home Ideas	NEW ROYAL	21	AUTO
NRS0014	A - NEW ROYAL Sr No. 22 Shade REGAL-PLAIN-110	Home Ideas	NEW ROYAL	22	AUTO
NRS0015	A - NEW ROYAL Sr No. 23 Shade REGAL-PLAIN-100	Home Ideas	NEW ROYAL	23	AUTO
NRS0016	A - NEW ROYAL Sr No. 24 Shade REGAL-PLAIN-96	Home Ideas	NEW ROYAL	24	AUTO
NRS0017	A - NEW ROYAL Sr No. 25 Shade REGAL-PLAIN-98	Home Ideas	NEW ROYAL	25	AUTO
NRS0018	A - NEW ROYAL Sr No. 26 Shade REGAL-PLAIN-107	Home Ideas	NEW ROYAL	26	AUTO
NRS0019	A - NEW ROYAL Sr No. 27 Shade REGAL-PLAIN-105	Home Ideas	NEW ROYAL	27	AUTO
NRS0020	A - NEW ROYAL Sr No. 28 Shade REGAL-PLAIN-120	Home Ideas	NEW ROYAL	28	AUTO
NRS0021	A - NEW ROYAL Sr No. 29 Shade REGAL-PLAIN-118	Home Ideas	NEW ROYAL	29	AUTO
NRS0022	A - NEW ROYAL Sr No. 3 Shade REGAL-PLAIN-5	Home Ideas	NEW ROYAL	3	AUTO
NRS0023	A - NEW ROYAL Sr No. 30 Shade REGAL-PLAIN-122	Home Ideas	NEW ROYAL	30	AUTO
NRS0024	A - NEW ROYAL Sr No. 31 Shade REGAL-PLAIN-121	Home Ideas	NEW ROYAL	31	AUTO
NRS0025	A - NEW ROYAL Sr No. 32 Shade REGAL-PLAIN-124	Home Ideas	NEW ROYAL	32	AUTO
NRS0026	A - NEW ROYAL Sr No. 33 Shade REGAL-PLAIN-125	Home Ideas	NEW ROYAL	33	AUTO
NRS0027	A - NEW ROYAL Sr No. 34 Shade REGAL-PLAIN-52	Home Ideas	NEW ROYAL	34	AUTO
NRS0028	A - NEW ROYAL Sr No. 35 Shade REGAL-PLAIN-53	Home Ideas	NEW ROYAL	35	AUTO
NRS0029	A - NEW ROYAL Sr No. 36 Shade REGAL-PLAIN-54	Home Ideas	NEW ROYAL	36	AUTO
NRS0030	A - NEW ROYAL Sr No. 37 Shade REGAL-PLAIN-55	Home Ideas	NEW ROYAL	37	AUTO
NRS0031	A - NEW ROYAL Sr No. 38 Shade REGAL-PLAIN-126	Home Ideas	NEW ROYAL	38	AUTO
NRS0032	A - NEW ROYAL Sr No. 39 Shade REGAL-PLAIN-7	Home Ideas	NEW ROYAL	39	AUTO
NRS0033	A - NEW ROYAL Sr No. 4 Shade REGAL-PLAIN-92	Home Ideas	NEW ROYAL	4	AUTO
NRS0034	A - NEW ROYAL Sr No. 40 Shade REGAL-PLAIN-108	Home Ideas	NEW ROYAL	40	AUTO
NRS0035	A - NEW ROYAL Sr No. 41 Shade REGAL-PLAIN-16	Home Ideas	NEW ROYAL	41	AUTO
NRS0036	A - NEW ROYAL Sr No. 42 Shade REGAL-PLAIN-113	Home Ideas	NEW ROYAL	42	AUTO
NRS0037	A - NEW ROYAL Sr No. 43 Shade REGAL-PLAIN-67	Home Ideas	NEW ROYAL	43	AUTO
NRS0038	A - NEW ROYAL Sr No. 44 Shade REGAL-PLAIN-70	Home Ideas	NEW ROYAL	44	AUTO
NRS0039	A - NEW ROYAL Sr No. 45 Shade REGAL-PLAIN-115	Home Ideas	NEW ROYAL	45	AUTO
NRS0040	A - NEW ROYAL Sr No. 46 Shade REGAL-PLAIN-116	Home Ideas	NEW ROYAL	46	AUTO
NRS0041	A - NEW ROYAL Sr No. 47 Shade REGAL-PLAIN-62	Home Ideas	NEW ROYAL	47	AUTO
NRS0042	A - NEW ROYAL Sr No. 48 Shade REGAL-PLAIN-76	Home Ideas	NEW ROYAL	48	AUTO
NRS0043	A - NEW ROYAL Sr No. 49 Shade REGAL-PLAIN-77	Home Ideas	NEW ROYAL	49	AUTO
NRS0044	A - NEW ROYAL Sr No. 5 Shade REGAL-PLAIN-83	Home Ideas	NEW ROYAL	5	AUTO
NRS0045	A - NEW ROYAL Sr No. 50 Shade REGAL-PLAIN-78	Home Ideas	NEW ROYAL	50	AUTO
NRS0046	A - NEW ROYAL Sr No. 51 Shade REGAL-PLAIN-72	Home Ideas	NEW ROYAL	51	AUTO
NRS0047	A - NEW ROYAL Sr No. 52 Shade REGAL-PLAIN-74	Home Ideas	NEW ROYAL	52	AUTO
NRS0048	A - NEW ROYAL Sr No. 53 Shade REGAL-PLAIN-131	Home Ideas	NEW ROYAL	53	AUTO
NRS0049	A - NEW ROYAL Sr No. 54 Shade REGAL-PLAIN-133	Home Ideas	NEW ROYAL	54	AUTO
NRS0050	A - NEW ROYAL Sr No. 55 Shade REGAL-PLAIN-132	Home Ideas	NEW ROYAL	55	AUTO
NRS0051	A - NEW ROYAL Sr No. 56 Shade REGAL-PLAIN-138	Home Ideas	NEW ROYAL	56	AUTO
NRS0052	A - NEW ROYAL Sr No. 57 Shade REGAL-PLAIN-135	Home Ideas	NEW ROYAL	57	AUTO
NRS0053	A - NEW ROYAL Sr No. 58 Shade REGAL-PLAIN-136	Home Ideas	NEW ROYAL	58	AUTO
NRS0054	A - NEW ROYAL Sr No. 59 Shade REGAL-PLAIN-134	Home Ideas	NEW ROYAL	59	AUTO
NRS0055	A - NEW ROYAL Sr No. 6 Shade REGAL-PLAIN-85	Home Ideas	NEW ROYAL	6	AUTO
NRS0056	A - NEW ROYAL Sr No. 60 Shade REGAL-PLAIN-137	Home Ideas	NEW ROYAL	60	AUTO
NRS0057	A - NEW ROYAL Sr No. 7 Shade REGAL-PLAIN-88	Home Ideas	NEW ROYAL	7	AUTO
NRS0058	A - NEW ROYAL Sr No. 8 Shade REGAL-PLAIN-34	Home Ideas	NEW ROYAL	8	AUTO
NRS0059	A - NEW ROYAL Sr No. 9 Shade REGAL-PLAIN-35	Home Ideas	NEW ROYAL	9	AUTO
17404250	A - PROSPERITY Sr No. 201 Shade SIMBA_NEW-PLAIN-1	Home Ideas	PROSPERITY	201	AUTO
17404251	A - PROSPERITY Sr No. 202 Shade SIMBA_NEW-PLAIN-2	Home Ideas	PROSPERITY	202	AUTO
17404252	A - PROSPERITY Sr No. 203 Shade SIMBA_NEW-PLAIN-3	Home Ideas	PROSPERITY	203	AUTO
17404253	A - PROSPERITY Sr No. 204 Shade SIMBA_NEW-PLAIN-5	Home Ideas	PROSPERITY	204	AUTO
17404254	A - PROSPERITY Sr No. 205 Shade SIMBA_NEW-PLAIN-6	Home Ideas	PROSPERITY	205	AUTO
17404255	A - PROSPERITY Sr No. 206 Shade SIMBA_NEW-PLAIN-4	Home Ideas	PROSPERITY	206	AUTO
17404256	A - PROSPERITY Sr No. 207 Shade SIMBA_NEW-PLAIN-8	Home Ideas	PROSPERITY	207	AUTO
17404257	A - PROSPERITY Sr No. 208 Shade SIMBA_NEW-PLAIN-7	Home Ideas	PROSPERITY	208	AUTO
17404258	A - PROSPERITY Sr No. 209 Shade SIMBA_NEW-PLAIN-37	Home Ideas	PROSPERITY	209	AUTO
17404259	A - PROSPERITY Sr No. 210 Shade SIMBA_NEW-PLAIN-38	Home Ideas	PROSPERITY	210	AUTO
17404260	A - PROSPERITY Sr No. 211 Shade SIMBA_NEW-PLAIN-12	Home Ideas	PROSPERITY	211	AUTO
17404261	A - PROSPERITY Sr No. 212 Shade SIMBA_NEW-PLAIN-311	Home Ideas	PROSPERITY	212	AUTO
17404262	A - PROSPERITY Sr No. 213 Shade SIMBA_NEW-PLAIN-10	Home Ideas	PROSPERITY	213	AUTO
17404263	A - PROSPERITY Sr No. 214 Shade SIMBA_NEW-PLAIN-32	Home Ideas	PROSPERITY	214	AUTO
17404264	A - PROSPERITY Sr No. 215 Shade SIMBA_NEW-PLAIN-407	Home Ideas	PROSPERITY	215	AUTO
17404265	A - PROSPERITY Sr No. 216 Shade SIMBA_NEW-PLAIN-46	Home Ideas	PROSPERITY	216	AUTO
17404266	A - PROSPERITY Sr No. 217 Shade SIMBA_NEW-PLAIN-45	Home Ideas	PROSPERITY	217	AUTO
17404267	A - PROSPERITY Sr No. 218 Shade SIMBA_NEW-PLAIN-33	Home Ideas	PROSPERITY	218	AUTO
17404268	A - PROSPERITY Sr No. 219 Shade SIMBA_NEW-PLAIN-16	Home Ideas	PROSPERITY	219	AUTO
17404269	A - PROSPERITY Sr No. 220 Shade SIMBA_NEW-PLAIN-49	Home Ideas	PROSPERITY	220	AUTO
17404270	A - PROSPERITY Sr No. 221 Shade SIMBA_NEW-PLAIN-48	Home Ideas	PROSPERITY	221	AUTO
17404271	A - PROSPERITY Sr No. 222 Shade SIMBA_NEW-PLAIN-34	Home Ideas	PROSPERITY	222	AUTO
17404272	A - PROSPERITY Sr No. 223 Shade SIMBA_NEW-PLAIN-336	Home Ideas	PROSPERITY	223	AUTO
17404273	A - PROSPERITY Sr No. 224 Shade SIMBA_NEW-PLAIN-35	Home Ideas	PROSPERITY	224	AUTO
17404274	A - PROSPERITY Sr No. 225 Shade SIMBA_NEW-PLAIN-42	Home Ideas	PROSPERITY	225	AUTO
17404275	A - PROSPERITY Sr No. 226 Shade SIMBA_NEW-PLAIN-39	Home Ideas	PROSPERITY	226	AUTO
17404276	A - PROSPERITY Sr No. 227 Shade SIMBA_NEW-PLAIN-340	Home Ideas	PROSPERITY	227	AUTO
17404277	A - PROSPERITY Sr No. 228 Shade SIMBA_NEW-PLAIN-77	Home Ideas	PROSPERITY	228	AUTO
17404278	A - PROSPERITY Sr No. 229 Shade SIMBA_NEW-PLAIN-44	Home Ideas	PROSPERITY	229	AUTO
17404279	A - PROSPERITY Sr No. 230 Shade SIMBA_NEW-PLAIN-108	Home Ideas	PROSPERITY	230	AUTO
17404280	A - PROSPERITY Sr No. 231 Shade SIMBA_NEW-PLAIN-79	Home Ideas	PROSPERITY	231	AUTO
17404281	A - PROSPERITY Sr No. 232 Shade SIMBA_NEW-PLAIN-78	Home Ideas	PROSPERITY	232	AUTO
17404282	A - PROSPERITY Sr No. 233 Shade SIMBA_NEW-PLAIN-109	Home Ideas	PROSPERITY	233	AUTO
17404283	A - PROSPERITY Sr No. 234 Shade SIMBA_NEW-PLAIN-111	Home Ideas	PROSPERITY	234	AUTO
17404284	A - PROSPERITY Sr No. 235 Shade SIMBA_NEW-PLAIN-112	Home Ideas	PROSPERITY	235	AUTO
17404285	A - PROSPERITY Sr No. 236 Shade SIMBA_NEW-PLAIN-317	Home Ideas	PROSPERITY	236	AUTO
17404286	A - PROSPERITY Sr No. 237 Shade SIMBA_NEW-PLAIN-92	Home Ideas	PROSPERITY	237	AUTO
17404287	A - PROSPERITY Sr No. 238 Shade SIMBA_NEW-PLAIN-98	Home Ideas	PROSPERITY	238	AUTO
17404288	A - PROSPERITY Sr No. 239 Shade SIMBA_NEW-PLAIN-389	Home Ideas	PROSPERITY	239	AUTO
17404289	A - PROSPERITY Sr No. 240 Shade SIMBA_NEW-PLAIN-405	Home Ideas	PROSPERITY	240	AUTO
17404290	A - PROSPERITY Sr No. 241 Shade SIMBA_NEW-PLAIN-399	Home Ideas	PROSPERITY	241	AUTO
17404291	A - PROSPERITY Sr No. 242 Shade SIMBA_NEW-PLAIN-84	Home Ideas	PROSPERITY	242	AUTO
17404292	A - PROSPERITY Sr No. 243 Shade SIMBA_NEW-PLAIN-82	Home Ideas	PROSPERITY	243	AUTO
17404293	A - PROSPERITY Sr No. 244 Shade SIMBA_NEW-PLAIN-105	Home Ideas	PROSPERITY	244	AUTO
17404294	A - PROSPERITY Sr No. 245 Shade SIMBA_NEW-PLAIN-406	Home Ideas	PROSPERITY	245	AUTO
17404295	A - PROSPERITY Sr No. 246 Shade SIMBA_NEW-PLAIN-102	Home Ideas	PROSPERITY	246	AUTO
17404296	A - PROSPERITY Sr No. 247 Shade SIMBA_NEW-PLAIN-83	Home Ideas	PROSPERITY	247	AUTO
17404297	A - PROSPERITY Sr No. 248 Shade SIMBA_NEW-PLAIN-401	Home Ideas	PROSPERITY	248	AUTO
17404298	A - PROSPERITY Sr No. 249 Shade SIMBA_NEW-PLAIN-408	Home Ideas	PROSPERITY	249	AUTO
17404299	A - PROSPERITY Sr No. 250 Shade SIMBA_NEW-PLAIN-29	Home Ideas	PROSPERITY	250	AUTO
17404300	A - PROSPERITY Sr No. 251 Shade SIMBA_NEW-PLAIN-30	Home Ideas	PROSPERITY	251	AUTO
17404301	A - PROSPERITY Sr No. 252 Shade SIMBA_NEW-PLAIN-354	Home Ideas	PROSPERITY	252	AUTO
17404302	A - PROSPERITY Sr No. 253 Shade SIMBA_NEW-PLAIN-403	Home Ideas	PROSPERITY	253	AUTO
17404303	A - PROSPERITY Sr No. 254 Shade SIMBA_NEW-PLAIN-404	Home Ideas	PROSPERITY	254	AUTO
17404304	A - PROSPERITY Sr No. 255 Shade SIMBA_NEW-PLAIN-402	Home Ideas	PROSPERITY	255	AUTO
17404305	A - PROSPERITY Sr No. 256 Shade SIMBA_NEW-PLAIN-323	Home Ideas	PROSPERITY	256	AUTO
17404306	A - PROSPERITY Sr No. 257 Shade SIMBA_NEW-PLAIN-410	Home Ideas	PROSPERITY	257	AUTO
17404307	A - PROSPERITY Sr No. 258 Shade SIMBA_NEW-PLAIN-409	Home Ideas	PROSPERITY	258	AUTO
17404308	A - PROSPERITY Sr No. 259 Shade SIMBA_NEW-PLAIN-50	Home Ideas	PROSPERITY	259	AUTO
17404309	A - PROSPERITY Sr No. 260 Shade SIMBA_NEW-PLAIN-52	Home Ideas	PROSPERITY	260	AUTO
17404310	A - PROSPERITY Sr No. 261 Shade SIMBA_NEW-PLAIN-59	Home Ideas	PROSPERITY	261	AUTO
17404311	A - PROSPERITY Sr No. 262 Shade SIMBA_NEW-PLAIN-55	Home Ideas	PROSPERITY	262	AUTO
17404312	A - PROSPERITY Sr No. 263 Shade SIMBA_NEW-PLAIN-356	Home Ideas	PROSPERITY	263	AUTO
17404313	A - PROSPERITY Sr No. 264 Shade SIMBA_NEW-PLAIN-331	Home Ideas	PROSPERITY	264	AUTO
17404314	A - PROSPERITY Sr No. 265 Shade SIMBA_NEW-PLAIN-76	Home Ideas	PROSPERITY	265	AUTO
17404315	A - PROSPERITY Sr No. 266 Shade SIMBA_NEW-PLAIN-71	Home Ideas	PROSPERITY	266	AUTO
17404316	A - PROSPERITY Sr No. 267 Shade SIMBA_NEW-PLAIN-70	Home Ideas	PROSPERITY	267	AUTO
17404317	A - PROSPERITY Sr No. 268 Shade SIMBA_NEW-PLAIN-119	Home Ideas	PROSPERITY	268	AUTO
17404318	A - PROSPERITY Sr No. 269 Shade SIMBA_NEW-PLAIN-68	Home Ideas	PROSPERITY	269	AUTO
17404319	A - PROSPERITY Sr No. 270 Shade SIMBA_NEW-PLAIN-64	Home Ideas	PROSPERITY	270	AUTO
17404215	A - ROYAL VELVET Sr No. 1 Shade ROYAL VELVET-SHEEN-NATURAL	Home Ideas	ROYAL VELVET	1	AUTO
17404224	A - ROYAL VELVET Sr No. 10 Shade ROYAL VELVET-SHEEN-NAVY	Home Ideas	ROYAL VELVET	10	AUTO
17404249	A - ROYAL VELVET Sr No. 1001 Shade ROYAL VELVET-SHEEN-CREME	Home Ideas	ROYAL VELVET	1001	AUTO
17404225	A - ROYAL VELVET Sr No. 11 Shade ROYAL VELVET-SHEEN-NERO	Home Ideas	ROYAL VELVET	11	AUTO
17404226	A - ROYAL VELVET Sr No. 12 Shade ROYAL VELVET-SHEEN-PEWTER	Home Ideas	ROYAL VELVET	12	AUTO
17404227	A - ROYAL VELVET Sr No. 13 Shade ROYAL VELVET-SHEEN-GRANITE	Home Ideas	ROYAL VELVET	13	AUTO
17404228	A - ROYAL VELVET Sr No. 14 Shade ROYAL VELVET-SHEEN-DUST	Home Ideas	ROYAL VELVET	14	AUTO
17404229	A - ROYAL VELVET Sr No. 15 Shade ROYAL VELVET-SHEEN-DOVE	Home Ideas	ROYAL VELVET	15	AUTO
17404230	A - ROYAL VELVET Sr No. 16 Shade ROYAL VELVET-SHEEN-PLATINUM	Home Ideas	ROYAL VELVET	16	AUTO
17404231	A - ROYAL VELVET Sr No. 17 Shade ROYAL VELVET-SHEEN-CREME	Home Ideas	ROYAL VELVET	17	AUTO
17404232	A - ROYAL VELVET Sr No. 18 Shade ROYAL VELVET-SHEEN-SNOW	Home Ideas	ROYAL VELVET	18	AUTO
17404233	A - ROYAL VELVET Sr No. 19 Shade ROYAL VELVET-SHEEN-ECRU	Home Ideas	ROYAL VELVET	19	AUTO
17404216	A - ROYAL VELVET Sr No. 2 Shade ROYAL VELVET-SHEEN-BLOSSOM	Home Ideas	ROYAL VELVET	2	AUTO
17404234	A - ROYAL VELVET Sr No. 20 Shade ROYAL VELVET-SHEEN-BEIGE	Home Ideas	ROYAL VELVET	20	AUTO
17404235	A - ROYAL VELVET Sr No. 21 Shade ROYAL VELVET-SHEEN-SAND	Home Ideas	ROYAL VELVET	21	AUTO
17404236	A - ROYAL VELVET Sr No. 22 Shade ROYAL VELVET-SHEEN-HONEY	Home Ideas	ROYAL VELVET	22	AUTO
17404237	A - ROYAL VELVET Sr No. 23 Shade ROYAL VELVET-SHEEN-STONE	Home Ideas	ROYAL VELVET	23	AUTO
17404238	A - ROYAL VELVET Sr No. 24 Shade ROYAL VELVET-SHEEN-BUFF	Home Ideas	ROYAL VELVET	24	AUTO
17404239	A - ROYAL VELVET Sr No. 25 Shade ROYAL VELVET-SHEEN-BISCUIT	Home Ideas	ROYAL VELVET	25	AUTO
17404240	A - ROYAL VELVET Sr No. 26 Shade ROYAL VELVET-SHEEN-JAVA	Home Ideas	ROYAL VELVET	26	AUTO
17404241	A - ROYAL VELVET Sr No. 27 Shade ROYAL VELVET-SHEEN-COCOA	Home Ideas	ROYAL VELVET	27	AUTO
17404242	A - ROYAL VELVET Sr No. 28 Shade ROYAL VELVET-SHEEN-PORTO	Home Ideas	ROYAL VELVET	28	AUTO
17404243	A - ROYAL VELVET Sr No. 29 Shade ROYAL VELVET-SHEEN-MAROON	Home Ideas	ROYAL VELVET	29	AUTO
17404217	A - ROYAL VELVET Sr No. 3 Shade ROYAL VELVET-SHEEN-MUSTARD	Home Ideas	ROYAL VELVET	3	AUTO
17404244	A - ROYAL VELVET Sr No. 30 Shade ROYAL VELVET-SHEEN-ANTHRACITE	Home Ideas	ROYAL VELVET	30	AUTO
17404245	A - ROYAL VELVET Sr No. 31 Shade ROYAL VELVET-SHEEN-MANDARIN	Home Ideas	ROYAL VELVET	31	AUTO
17404246	A - ROYAL VELVET Sr No. 32 Shade ROYAL VELVET-SHEEN-CHILLI	Home Ideas	ROYAL VELVET	32	AUTO
17404247	A - ROYAL VELVET Sr No. 33 Shade ROYAL VELVET-SHEEN-CARDINAL	Home Ideas	ROYAL VELVET	33	AUTO
17404248	A - ROYAL VELVET Sr No. 34 Shade ROYAL VELVET-SHEEN-CERISE	Home Ideas	ROYAL VELVET	34	AUTO
17404218	A - ROYAL VELVET Sr No. 4 Shade ROYAL VELVET-SHEEN-INK	Home Ideas	ROYAL VELVET	4	AUTO
17404219	A - ROYAL VELVET Sr No. 5 Shade ROYAL VELVET-SHEEN-SMOKE	Home Ideas	ROYAL VELVET	5	AUTO
17404220	A - ROYAL VELVET Sr No. 6 Shade ROYAL VELVET-SHEEN-AGEAN	Home Ideas	ROYAL VELVET	6	AUTO
17404221	A - ROYAL VELVET Sr No. 7 Shade ROYAL VELVET-SHEEN-SPRUCE	Home Ideas	ROYAL VELVET	7	AUTO
17404222	A - ROYAL VELVET Sr No. 8 Shade ROYAL VELVET-SHEEN-SAGE	Home Ideas	ROYAL VELVET	8	AUTO
17404223	A - ROYAL VELVET Sr No. 9 Shade ROYAL VELVET-SHEEN-SLATE	Home Ideas	ROYAL VELVET	9	AUTO
MIST480850000	A - Sunbrella 40429-0000-Cast-Mist	DICKSON CONSTANT	SUNBRELLA 40429-0000-CAST-MIST		MANUAL
TRSTC405240000	A - Sunbrella 40524-0002 Trusted Coast	DICKSON CONSTANT	SUNBRELLA 40524-0002 TRUSTED COAST		MANUAL
17507473	A - Sunbrella 40554-0002-Ticking-Pebble	Home Ideas	SUNBRELLA 40554-0002-TICKING-PEBBLE		MANUAL
EGG480180000	A - Sunbrella 48018-0000-Spectrum-Eggshell	DICKSON CONSTANT	SUNBRELLA 48018-0000-SPECTRUM-EGGSHELL		MANUAL
17507466	A - Sunbrella 48019-0000-Spectrum-Sand	Home Ideas	SUNBRELLA 48019-0000-SPECTRUM-SAND		MANUAL
17507469	A - Sunbrella 48027-0000-Spectrum-Grenadine	Home Ideas	SUNBRELLA 48027-0000-SPECTRUM-GRENADINE		MANUAL
GRAPH48030000	A - Sunbrella 48030-0000-Spectrum-Graphite	DICKSON CONSTANT	SUNBRELLA 48030-0000-SPECTRUM-GRAPHITE		MANUAL
17507461	A - Sunbrella 48031-0000-Spectrum-Mushroom	Home Ideas	SUNBRELLA 48031-0000-SPECTRUM-MUSHROOM		MANUAL
CARIB48083000	A - Sunbrella 48083-0000-Spectrum-Caribou	DICKSON CONSTANT	SUNBRELLA 48083-0000-SPECTRUM-CARIBOU		MANUAL
CAR480850000	A - Sunbrella 48085-0000-Spectrum-Carbon	DICKSON CONSTANT	SUNBRELLA 48085-0000-SPECTRUM-CARBON		MANUAL
17507472	A - Sunbrella 48103-0000-Cast-Ocean	Home Ideas	SUNBRELLA 48103-0000-CAST-OCEAN		MANUAL
Sunbrella5401	A - Sunbrella 5401-0000-Canvas-Pacific-Blue	DICKSON CONSTANT	SUNBRELLA 5401-0000-CANVAS-PACIFIC-BLUE		MANUAL
17507462	A - Sunbrella 54010-0000-Canvas-Rust	Home Ideas	SUNBRELLA 54010-0000-CANVAS-RUST		MANUAL
17507470	A - Sunbrella 5452-0000-Canvas-Sapphire-Blue	Home Ideas	SUNBRELLA 5452-0000-CANVAS-SAPPHIRE-BLUE		MANUAL
17507468	A - Sunbrella 5489-0000-Canvas-Coal	Home Ideas	SUNBRELLA 5489-0000-CANVAS-COAL		MANUAL
SunFlax5492	A - Sunbrella 5492-0000-Canvas-Flax	DICKSON CONSTANT	SUNBRELLA 5492-0000-CANVAS-FLAX		MANUAL
DOLCE560010000	A - Sunbrella 56001-0000 Dolce Oasis	DICKSON CONSTANT	SUNBRELLA 56001-0000 DOLCE OASIS		MANUAL
MILANO560790000	A - Sunbrella 56079-0000 Milano Char	DICKSON CONSTANT	SUNBRELLA 56079-0000 MILANO CHAR		MANUAL
17507463	A - Sunbrella 58030-0000-Cabana-Classic	Home Ideas	SUNBRELLA 58030-0000-CABANA-CLASSIC		MANUAL
6042Oyster	A - Sunbrella 6042-0000-Oyster	Glenn Raven	SUNBRELLA 6042-0000-OYSTER		MANUAL
17507460	A - Sunbrella 8060-0000-Dupione-Stone	Home Ideas	SUNBRELLA 8060-0000-DUPIONE-STONE		MANUAL
17507471	A - Sunbrella BEN-10104-140-Bengali-Glacier	Home Ideas	SUNBRELLA BEN-10104-140-BENGALI-GLACIER		MANUAL
BLISSALOE	A - Sunbrella BLISS-48135-0017-ALOE	DICKSON CONSTANT	SUNBRELLA BLISS-48135-0017-ALOE		MANUAL
5453WATERPROOF	A - Sunbrella Canvas Canvas 5453  **** Waterproof ****	DICKSON CONSTANT	SUNBRELLA CANVAS CANVAS 5453  **** WATERPROOF ****		MANUAL
3729WATERPROOF	A - Sunbrella Canvas TAUPE 3729 **** Waterproof ****	DICKSON CONSTANT	SUNBRELLA CANVAS TAUPE 3729 **** WATERPROOF ****		MANUAL
17507467	A - Sunbrella CHA-F029-140-CHARTRES KHAKI	Home Ideas	SUNBRELLA CHA-F029-140-CHARTRES KHAKI		MANUAL
3756WATERPROOF	A - Sunbrella LEAD CHINE 3756  **** Waterproof ****	DICKSON CONSTANT	SUNBRELLA LEAD CHINE 3756  **** WATERPROOF ****		MANUAL
17507474	A - Sunbrella NAT-P012-140-Natte-Eggplant	Home Ideas	SUNBRELLA NAT-P012-140-NATTE-EGGPLANT		MANUAL
Sun-New-Col20-3	A - Sunbrella New Collection 2020 Authentic 145485- 0002 Pebble Sr No. 1711	Home Ideas	NEW COLLECTION 2020	1711	AUTO
Sun-New-Col20-13	A - Sunbrella New Collection 2020 Cast 48110 - 0000 Laurel Sr No. 1655	Home Ideas	NEW COLLECTION 2020	1655	AUTO
Sun-New-Col20-10	A - Sunbrella New Collection 2020 Enrich 44341 - 0002 Ruby Sr No. 1689	Home Ideas	NEW COLLECTION 2020	1689	AUTO
Sun-New-Col20-6	A - Sunbrella New Collection 2020 Essentials 16005 - 0002 Granite Sr No. 1700	Home Ideas	NEW COLLECTION 2020	1700	AUTO
Sun-New-Col20-1	A - Sunbrella New Collection 2020 Essentials 16005 - 0003 Flax Sr No. 1683	Home Ideas	NEW COLLECTION 2020	1683	AUTO
Sun-New-Col20-2	A - Sunbrella New Collection 2020 Essentials 16005 - 0004 Sand Sr No. 92	Home Ideas	NEW COLLECTION 2020	92	AUTO
Sun-New-Col20-5	A - Sunbrella New Collection 2020 Essentials 16005 - 0005 Coal Sr No. 1694	Home Ideas	NEW COLLECTION 2020	1694	AUTO
Sun-New-Col20-15	A - Sunbrella New Collection 2020 Essentials 16005 - 0007 Seaglass Sr No. 1667	Home Ideas	NEW COLLECTION 2020	1667	AUTO
Sun-New-Col20-12	A - Sunbrella New Collection 2020 Essentials 16005 - 0008 Indigo Sr No. 1699	Home Ideas	NEW COLLECTION 2020	1699	AUTO
Sun-New-Col20-11	A - Sunbrella New Collection 2020 Essentials 16005 - 0009 Garnet Sr No. 1690	Home Ideas	NEW COLLECTION 2020	1690	AUTO
Sun-New-Col20-9	A - Sunbrella New Collection 2020 Essentials 16005 - 0010 Russet Sr No. 1686	Home Ideas	NEW COLLECTION 2020	1686	AUTO
Sun-New-Col20-20	A - Sunbrella New Collection 2020 Essentials 16005 - 0012 Pine Sr No. 1675	Home Ideas	NEW COLLECTION 2020	1675	AUTO
Sun-New-Col20-19	A - Sunbrella New Collection 2020 Essentials 16005 - 0013 Lime Sr No. 1695	Home Ideas	NEW COLLECTION 2020	1695	AUTO
Sun-New-Col20-4	A - Sunbrella New Collection 2020 Intent 16003 - 0002 Mink Sr No. 1692	Home Ideas	NEW COLLECTION 2020	1692	AUTO
Sun-New-Col20-8	A - Sunbrella New Collection 2020 Perception 44339 - 0002 Spark Sr No. 1681	Home Ideas	NEW COLLECTION 2020	1681	AUTO
Sun-New-Col20-18	A - Sunbrella New Collection 2020 Perception 44339 - 0003 Glow Sr No. 91	Home Ideas	NEW COLLECTION 2020	91	AUTO
Sun-New-Col20-16	A - Sunbrella New Collection 2020 Refine 14017 - 0001 Cactus Sr No. 1685	Home Ideas	NEW COLLECTION 2020	1685	AUTO
Sun-New-Col20-7	A - Sunbrella New Collection 2020 Refine 14017- 0002 Ember Sr No. 1679	Home Ideas	NEW COLLECTION 2020	1679	AUTO
Sun-New-Col20-14	A - Sunbrella New Collection 2020 Simplicity 44340- 0002 Lagoon Sr No. 1702	Home Ideas	NEW COLLECTION 2020	1702	AUTO
Sun-New-Col20-17	A - Sunbrella New Collection 2020 Simplicity 44340- 0003 Garden Sr No. 1691	Home Ideas	NEW COLLECTION 2020	1691	AUTO
17404791	A - Sunbrella ODYSSEY II Sr No. 201 Shade IKEBANA-IKE J369 140-UYUNI	Home Ideas	ODYSSEY II	201	AUTO
17404792	A - Sunbrella ODYSSEY II Sr No. 202 Shade NATTE-10020-WHITE	Home Ideas	ODYSSEY II	202	AUTO
17404793	A - Sunbrella ODYSSEY II Sr No. 203 Shade SOLIDS-SJA 3780 137-LIN	Home Ideas	ODYSSEY II	203	AUTO
17404794	A - Sunbrella ODYSSEY II Sr No. 204 Shade ARCHI-ARCH R051 140-FRAME	Home Ideas	ODYSSEY II	204	AUTO
17404795	A - Sunbrella ODYSSEY II Sr No. 205 Shade CHARTRES-J189 140-CHARTRES HEATHER	Home Ideas	ODYSSEY II	205	AUTO
17404796	A - Sunbrella ODYSSEY II Sr No. 206 Shade SLING LOGAN-50045/07-SNOWY	Home Ideas	ODYSSEY II	206	AUTO
17404797	A - Sunbrella ODYSSEY II Sr No. 207 Shade LOPI-R034 140-ANTIQUE	Home Ideas	ODYSSEY II	207	AUTO
17404798	A - Sunbrella ODYSSEY II Sr No. 208 Shade LOPI-R018 140-MARBLE	Home Ideas	ODYSSEY II	208	AUTO
17404799	A - Sunbrella ODYSSEY II Sr No. 209 Shade SOLIDS-SJA 5453 137-CANVAS	Home Ideas	ODYSSEY II	209	AUTO
NATURAL5404	A - Sunbrella ODYSSEY II Sr No. 210 Shade SOLIDS-5404-NATURAL	Home Ideas	ODYSSEY II	210	AUTO
17404801	A - Sunbrella ODYSSEY II Sr No. 211 Shade NATTE-10151 140-LINEN CHALK	Home Ideas	ODYSSEY II	211	AUTO
17404802	A - Sunbrella ODYSSEY II Sr No. 212 Shade MAJESTIC-MAJ J336-RIVER	Home Ideas	ODYSSEY II	212	AUTO
17404803	A - Sunbrella ODYSSEY II Sr No. 213 Shade NATTE-10155 140-TAUPE CHALK	Home Ideas	ODYSSEY II	213	AUTO
17404804	A - Sunbrella ODYSSEY II Sr No. 214 Shade HERITAGE-SJA 18001 00 137-HERITAGE ASHE	Home Ideas	ODYSSEY II	214	AUTO
17404805	A - Sunbrella ODYSSEY II Sr No. 215 Shade NATTE-10065 140-CARBON BEIGE	Home Ideas	ODYSSEY II	215	AUTO
17404806	A - Sunbrella ODYSSEY II Sr No. 216 Shade STRIPES-3777-PORTO GREY CHINE	Home Ideas	ODYSSEY II	216	AUTO
17404807	A - Sunbrella ODYSSEY II Sr No. 217 Shade SLING LOGAN-50045/06-SAND	Home Ideas	ODYSSEY II	217	AUTO
17404808	A - Sunbrella ODYSSEY II Sr No. 218 Shade SOLIDS-5422-ANTIQUE BEIGE	Home Ideas	ODYSSEY II	218	AUTO
17404809	A - Sunbrella ODYSSEY II Sr No. 219 Shade SOLIDS-SJA 3907-TAUPE CHINE	Home Ideas	ODYSSEY II	219	AUTO
17404810	A - Sunbrella ODYSSEY II Sr No. 220 Shade SOLIDS-SJA 3729 137-TAUPE	Home Ideas	ODYSSEY II	220	AUTO
17404811	A - Sunbrella ODYSSEY II Sr No. 221 Shade SOLIDS-3127-MINK BROWN	Home Ideas	ODYSSEY II	221	AUTO
17404812	A - Sunbrella ODYSSEY II Sr No. 222 Shade SOLIDS-SJA 3792 137-DARK SMOKE	Home Ideas	ODYSSEY II	222	AUTO
17404813	A - Sunbrella ODYSSEY II Sr No. 223 Shade SLING SAILING-50143- 19 137-SAILING SPACE	Home Ideas	ODYSSEY II	223	AUTO
17404814	A - Sunbrella ODYSSEY II Sr No. 224 Shade KOMO-KOM J347 140-RAFFIA	Home Ideas	ODYSSEY II	224	AUTO
17404818	A - Sunbrella ODYSSEY II Sr No. 225 Shade NATTE-SJA 10021-CANVAS	Home Ideas	ODYSSEY II	225	AUTO
17404819	A - Sunbrella ODYSSEY II Sr No. 226 Shade NATTE-SJA 10028-HEATHER BEIGE	Home Ideas	ODYSSEY II	226	AUTO
17404821	A - Sunbrella ODYSSEY II Sr No. 227 Shade SOLIDS-SJA 48009/00-ARBOR PEBBLE	Home Ideas	ODYSSEY II	227	AUTO
17404822	A - Sunbrella ODYSSEY II Sr No. 228 Shade SOLIDS-5476-HEATHER BEIGE	Home Ideas	ODYSSEY II	228	AUTO
17404823	A - Sunbrella ODYSSEY II Sr No. 229 Shade NATTE-SJA 10029-HEATHER GREY	Home Ideas	ODYSSEY II	229	AUTO
17404824	A - Sunbrella ODYSSEY II Sr No. 230 Shade SLING LOGAN-SLI 50045/02 137-TAUPE	Home Ideas	ODYSSEY II	230	AUTO
17404825	A - Sunbrella ODYSSEY II Sr No. 231 Shade LOPI-LOP R014 140-COCONUT	Home Ideas	ODYSSEY II	231	AUTO
17404826	A - Sunbrella ODYSSEY II Sr No. 232 Shade MAJESTIC-MAJ J338-CITRINE	Home Ideas	ODYSSEY II	232	AUTO
17404827	A - Sunbrella ODYSSEY II Sr No. 233 Shade MEZZO-MEZ 10219 140-SULFUR	Home Ideas	ODYSSEY II	233	AUTO
17404828	A - Sunbrella ODYSSEY II Sr No. 234 Shade NATTE-10152-GRAUMEL CHALK	Home Ideas	ODYSSEY II	234	AUTO
17404829	A - Sunbrella ODYSSEY II Sr No. 235 Shade NATTE-10014-NATURE	Home Ideas	ODYSSEY II	235	AUTO
17404830	A - Sunbrella ODYSSEY II Sr No. 236 Shade SOLIDS-SJA 3938 137-MIMOSA	Home Ideas	ODYSSEY II	236	AUTO
17404831	A - Sunbrella ODYSSEY II Sr No. 237 Shade FOUTAH-FOU 3978 140-PASTIS	Home Ideas	ODYSSEY II	237	AUTO
17404832	A - Sunbrella ODYSSEY II Sr No. 238 Shade DOMINO-DOM R046 140-CRAPS	Home Ideas	ODYSSEY II	238	AUTO
17404833	A - Sunbrella ODYSSEY II Sr No. 239 Shade SOLIDS-SJA 3965 137-BLUSH	Home Ideas	ODYSSEY II	239	AUTO
17404834	A - Sunbrella ODYSSEY II Sr No. 240 Shade SOLIDS PREMIUM-SJA 3969 137-PUMPKIN	Home Ideas	ODYSSEY II	240	AUTO
17404835	A - Sunbrella ODYSSEY II Sr No. 241 Shade SOLIDS PREMIUM-5477-LOGO RED	Home Ideas	ODYSSEY II	241	AUTO
17404836	A - Sunbrella ODYSSEY II Sr No. 242 Shade SOLIDS PREMIUM-SJA 3939 137-PAPRIKA	Home Ideas	ODYSSEY II	242	AUTO
17404837	A - Sunbrella ODYSSEY II Sr No. 243 Shade SOLIDS PREMIUM-3728-PARIS RED	Home Ideas	ODYSSEY II	243	AUTO
17404838	A - Sunbrella ODYSSEY II Sr No. 244 Shade SOLIDS PREMIUM-SJA 3968 137-PEPPER	Home Ideas	ODYSSEY II	244	AUTO
17404839	A - Sunbrella ODYSSEY II Sr No. 245 Shade SOLIDS PREMIUM-5436-BURGUNDY	Home Ideas	ODYSSEY II	245	AUTO
17404840	A - Sunbrella ODYSSEY II Sr No. 246 Shade MARQUETRY-MARQ J385 140-SIROCCO	Home Ideas	ODYSSEY II	246	AUTO
17404841	A - Sunbrella ODYSSEY II Sr No. 247 Shade ZORI-ZOR R057 140-RICE	Home Ideas	ODYSSEY II	247	AUTO
17404842	A - Sunbrella ODYSSEY II Sr No. 248 Shade NATTE-NAT 10150 140-HEATHER CHALK	Home Ideas	ODYSSEY II	248	AUTO
17404843	A - Sunbrella ODYSSEY II Sr No. 249 Shade HERITAGE-HER 18021 00-RUST	Home Ideas	ODYSSEY II	249	AUTO
17404844	A - Sunbrella ODYSSEY II Sr No. 250 Shade SOLIDS-SJA 3982 137-AUTUMN	Home Ideas	ODYSSEY II	250	AUTO
17404845	A - Sunbrella ODYSSEY II Sr No. 251 Shade KOMO-KOM J345 140-TAWNY	Home Ideas	ODYSSEY II	251	AUTO
17404846	A - Sunbrella ODYSSEY II Sr No. 252 Shade DEAUVILLE-DEA 3729-TAUPE	Home Ideas	ODYSSEY II	252	AUTO
17404847	A - Sunbrella ODYSSEY II Sr No. 253 Shade NATTE-NAT 10231 140-CARMINE	Home Ideas	ODYSSEY II	253	AUTO
17404848	A - Sunbrella ODYSSEY II Sr No. 254 Shade IKEBANA-IKE J334 140-CANYON	Home Ideas	ODYSSEY II	254	AUTO
17404849	A - Sunbrella ODYSSEY II Sr No. 255 Shade HERITAGE-HER 18022 00-SCARLET	Home Ideas	ODYSSEY II	255	AUTO
17404850	A - Sunbrella ODYSSEY II Sr No. 256 Shade DOMINO-DOM R047 140-ROULETTE	Home Ideas	ODYSSEY II	256	AUTO
17404851	A - Sunbrella ODYSSEY II Sr No. 257 Shade MARQUETRY-MARQ J384 140-MISTRAL	Home Ideas	ODYSSEY II	257	AUTO
17404852	A - Sunbrella ODYSSEY II Sr No. 258 Shade ZORI PREMIUM (SR-258)-ZOR R061 140-GARI	Home Ideas	ODYSSEY II	258	AUTO
17404853	A - Sunbrella ODYSSEY II Sr No. 259 Shade DEAUVILLE-DEA 5404-WHITE	Home Ideas	ODYSSEY II	259	AUTO
17404854	A - Sunbrella ODYSSEY II Sr No. 260 Shade SAVANE-J234 140-GREY	Home Ideas	ODYSSEY II	260	AUTO
17404855	A - Sunbrella ODYSSEY II Sr No. 261 Shade SOLIDS-SJA 3966 137-MARBLE	Home Ideas	ODYSSEY II	261	AUTO
17404856	A - Sunbrella ODYSSEY II Sr No. 262 Shade SOLIDS-SJA 3717-RIVIERA BLUE	Home Ideas	ODYSSEY II	262	AUTO
17404857	A - Sunbrella ODYSSEY II Sr No. 263 Shade SOLIDS-SJA 3942 137-BLUE STORM	Home Ideas	ODYSSEY II	263	AUTO
17404858	A - Sunbrella ODYSSEY II Sr No. 264 Shade SLING AUGUSTINE-SLI 5928/44 137-SILVER	Home Ideas	ODYSSEY II	264	AUTO
17404859	A - Sunbrella ODYSSEY II Sr No. 265 Shade NATTE-10022-GREY CHINE	Home Ideas	ODYSSEY II	265	AUTO
17404860	A - Sunbrella ODYSSEY II Sr No. 266 Shade FOUTAH-FOU 3979 140-CYCLADES	Home Ideas	ODYSSEY II	266	AUTO
17404861	A - Sunbrella ODYSSEY II Sr No. 267 Shade STRIPES-3776-PORTO BLUE CHINE	Home Ideas	ODYSSEY II	267	AUTO
17404862	A - Sunbrella ODYSSEY II Sr No. 268 Shade SOLIDS-3741-SILVER GREY	Home Ideas	ODYSSEY II	268	AUTO
17404863	A - Sunbrella ODYSSEY II Sr No. 269 Shade SOLIDS-SJA 3964 137-CURACAO	Home Ideas	ODYSSEY II	269	AUTO
17404864	A - Sunbrella ODYSSEY II Sr No. 270 Shade SOLIDS-SJA 3793 137-MINERAL BLUE CHINE	Home Ideas	ODYSSEY II	270	AUTO
17404865	A - Sunbrella ODYSSEY II Sr No. 271 Shade SOLIDS-5420-MINERAL BLUE	Home Ideas	ODYSSEY II	271	AUTO
17404866	A - Sunbrella ODYSSEY II Sr No. 272 Shade SOLIDS-5416-CANVAS-ARUBA	Home Ideas	ODYSSEY II	272	AUTO
17404867	A - Sunbrella ODYSSEY II Sr No. 273 Shade SOLIDS-3756-LEAD CHINE	Home Ideas	ODYSSEY II	273	AUTO
17404868	A - Sunbrella ODYSSEY II Sr No. 274 Shade SOLIDS-SJA 3941 137-ADRIATIC	Home Ideas	ODYSSEY II	274	AUTO
17404869	A - Sunbrella ODYSSEY II Sr No. 275 Shade KOMO-KOM J346 140-COUA	Home Ideas	ODYSSEY II	275	AUTO
17404870	A - Sunbrella ODYSSEY II Sr No. 276 Shade CHARTRES-J194 140-SILVER	Home Ideas	ODYSSEY II	276	AUTO
17404871	A - Sunbrella ODYSSEY II Sr No. 277 Shade SLING SAILING-50143 10 137-SEAGULL	Home Ideas	ODYSSEY II	277	AUTO
17404872	A - Sunbrella ODYSSEY II Sr No. 278 Shade NATTE-10025-FROSTY CHINE	Home Ideas	ODYSSEY II	278	AUTO
17404873	A - Sunbrella ODYSSEY II Sr No. 279 Shade NATTE-SJA 10064-CARBON SKY	Home Ideas	ODYSSEY II	279	AUTO
17404874	A - Sunbrella ODYSSEY II Sr No. 280 Shade SOLIDS-SJA 5499 137-TRUE BLUE	Home Ideas	ODYSSEY II	280	AUTO
17404875	A - Sunbrella ODYSSEY II Sr No. 281 Shade IKEBANA-IKE J331 140-BAYOU	Home Ideas	ODYSSEY II	281	AUTO
17404876	A - Sunbrella ODYSSEY II Sr No. 282 Shade SOLIDS-SJA 3967 137-MINT	Home Ideas	ODYSSEY II	282	AUTO
17404877	A - Sunbrella ODYSSEY II Sr No. 283 Shade SOLIDS-SJA 3970 137-LICHEN	Home Ideas	ODYSSEY II	283	AUTO
17404878	A - Sunbrella ODYSSEY II Sr No. 284 Shade SOLIDS-3738-MACAO	Home Ideas	ODYSSEY II	284	AUTO
17404879	A - Sunbrella ODYSSEY II Sr No. 285 Shade IKEBANA-IKE J330 140-CANOPY	Home Ideas	ODYSSEY II	285	AUTO
17404880	A - Sunbrella ODYSSEY II Sr No. 286 Shade MAJESTIC-MAJ J341-NAOS	Home Ideas	ODYSSEY II	286	AUTO
17404881	A - Sunbrella ODYSSEY II Sr No. 287 Shade SOLIDS-SJA 3944 137-CHARRON	Home Ideas	ODYSSEY II	287	AUTO
17404882	A - Sunbrella ODYSSEY II Sr No. 288 Shade IKEBANA-IKE J332 140-SAFARI	Home Ideas	ODYSSEY II	288	AUTO
17404883	A - Sunbrella ODYSSEY II Sr No. 289 Shade NATTE-NAT 10235 140-AMBER	Home Ideas	ODYSSEY II	289	AUTO
17404884	A - Sunbrella ODYSSEY II Sr No. 290 Shade SOLIDS-SJA 3991 137-BLAZER	Home Ideas	ODYSSEY II	290	AUTO
17404885	A - Sunbrella ODYSSEY II Sr No. 291 Shade HERITAGE-HER 18017 00-INDIGO	Home Ideas	ODYSSEY II	291	AUTO
17404886	A - Sunbrella ODYSSEY II Sr No. 292 Shade DOMINO-DOM R050 140-JACKPOT	Home Ideas	ODYSSEY II	292	AUTO
17404887	A - Sunbrella ODYSSEY II Sr No. 293 Shade MAJESTIC-MAJ J342 140-AMETHYST	Home Ideas	ODYSSEY II	293	AUTO
17404888	A - Sunbrella ODYSSEY II Sr No. 294 Shade ZORI-ZOR R064 140-KIRI	Home Ideas	ODYSSEY II	294	AUTO
17404889	A - Sunbrella ODYSSEY II Sr No. 295 Shade MEZZO-MEZ 10225 140-FEATHER	Home Ideas	ODYSSEY II	295	AUTO
17404890	A - Sunbrella ODYSSEY II Sr No. 296 Shade SAVANE-SAV2 J355 140-MIDNIGHT	Home Ideas	ODYSSEY II	296	AUTO
17404891	A - Sunbrella ODYSSEY II Sr No. 297 Shade SOLIDS-SJA 3985 137-INK	Home Ideas	ODYSSEY II	297	AUTO
17404892	A - Sunbrella ODYSSEY II Sr No. 298 Shade KOMO-KOM J344 140-PEAT	Home Ideas	ODYSSEY II	298	AUTO
17404893	A - Sunbrella ODYSSEY II Sr No. 299 Shade SAVANE-SAV2 J351 140-TORNADO	Home Ideas	ODYSSEY II	299	AUTO
17404894	A - Sunbrella ODYSSEY II Sr No. 300 Shade HERITAGE-SJA 18009 00 137-HERITAGE CHAR	Home Ideas	ODYSSEY II	300	AUTO
17404895	A - Sunbrella ODYSSEY II Sr No. 301 Shade LOPI-R013 140-SHADOW	Home Ideas	ODYSSEY II	301	AUTO
17404896	A - Sunbrella ODYSSEY II Sr No. 302 Shade SOLIDS-3737-ARDOISE	Home Ideas	ODYSSEY II	302	AUTO
17404897	A - Sunbrella ODYSSEY II Sr No. 303 Shade SOLIDS-SJA 3758 137-SOOTY	Home Ideas	ODYSSEY II	303	AUTO
17404898	A - Sunbrella ODYSSEY II Sr No. 304 Shade SOLIDS-5408-BLACK	Home Ideas	ODYSSEY II	304	AUTO
17404899	A - Sunbrella ODYSSEY II Sr No. 305 Shade FOUTAH-FOU 3981 140-PETANQUE	Home Ideas	ODYSSEY II	305	AUTO
17404900	A - Sunbrella ODYSSEY II Sr No. 306 Shade NATTE-10030-SOOTY	Home Ideas	ODYSSEY II	306	AUTO
17404901	A - Sunbrella ODYSSEY II Sr No. 307 Shade DEAUVILLE-5453-CANVAS	Home Ideas	ODYSSEY II	307	AUTO
17404902	A - Sunbrella ODYSSEY II Sr No. 308 Shade SOLIDS-3705-CHARCOAL	Home Ideas	ODYSSEY II	308	AUTO
17404903	A - Sunbrella ODYSSEY II Sr No. 309 Shade NATTE-NAT 10040 140-NATURE GREY	Home Ideas	ODYSSEY II	309	AUTO
17404904	A - Sunbrella ODYSSEY II Sr No. 310 Shade SOLIDS-SJA 3757-FLANELLE	Home Ideas	ODYSSEY II	310	AUTO
17404905	A - Sunbrella ODYSSEY II Sr No. 311 Shade NATTE-SJA 10059-DARK TAUPE	Home Ideas	ODYSSEY II	311	AUTO
17404906	A - Sunbrella ODYSSEY II Sr No. 312 Shade NATTE-SJA 10063-CHARCOAL CHINE	Home Ideas	ODYSSEY II	312	AUTO
17404907	A - Sunbrella ODYSSEY II Sr No. 313 Shade SLING LOGAN-50045-18 137-LOGAN GRAPHITE	Home Ideas	ODYSSEY II	313	AUTO
17404908	A - Sunbrella ODYSSEY II Sr No. 314 Shade STRIPES-3778-QUADRI GREY	Home Ideas	ODYSSEY II	314	AUTO
17404909	A - Sunbrella ODYSSEY II Sr No. 315 Shade MARQUETRY-MARQ J383 140-SHAMAL	Home Ideas	ODYSSEY II	315	AUTO
17404910	A - Sunbrella ODYSSEY II Sr No. 316 Shade DEAUVILLE-3737-ARDOISE	Home Ideas	ODYSSEY II	316	AUTO
17404911	A - Sunbrella ODYSSEY II Sr No. 317 Shade DEAUVILLE-DEA 3741 140-SILVER GREY	Home Ideas	ODYSSEY II	317	AUTO
17404912	A - Sunbrella ODYSSEY II Sr No. 318 Shade ZORI-ZOR R067 140-GRAPHITE	Home Ideas	ODYSSEY II	318	AUTO
17404913	A - Sunbrella ODYSSEY II Sr No. 319 Shade SOLIDS-3706-SHINGLES	Home Ideas	ODYSSEY II	319	AUTO
17404914	A - Sunbrella ODYSSEY II Sr No. 320 Shade CHARTRES-J182 140-CHARTRES SOOTY	Home Ideas	ODYSSEY II	320	AUTO
17404915	A - Sunbrella ODYSSEY II Sr No. 321 Shade SOLIDS PREMIUM-SJA 3906 137-CARBON	Home Ideas	ODYSSEY II	321	AUTO
17404916	A - Sunbrella ODYSSEY II Sr No. 322 Shade DEAUVILLE-5032-BLACK	Home Ideas	ODYSSEY II	322	AUTO
17404600	A - Sunbrella PATIO Sr No. 1 Shade BLISS-48135-0007-LEMON	Home Ideas	PATIO	1	AUTO
17404610	A - Sunbrella PATIO Sr No. 11 Shade LOPI-LOP R038-BELDI	Home Ideas	PATIO	11	AUTO
17404611	A - Sunbrella PATIO Sr No. 12 Shade LEVEL-44385-0003-BREEZE	Home Ideas	PATIO	12	AUTO
17404612	A - Sunbrella PATIO Sr No. 13 Shade CAST-48113-0000-ROYAL	Home Ideas	PATIO	13	AUTO
17404614	A - Sunbrella PATIO Sr No. 15 Shade ARRAY-145654-0002-CALYPSO	Home Ideas	PATIO	15	AUTO
17404616	A - Sunbrella PATIO Sr No. 17 Shade PLATFORM-42091-0019-ELECTRIC	Home Ideas	PATIO	17	AUTO
17404617	A - Sunbrella PATIO Sr No. 18 Shade EXPAND-14049-0003-CALYPSO	Home Ideas	PATIO	18	AUTO
17404618	A - Sunbrella PATIO Sr No. 19 Shade DEPTH-16007-0006-CALYPSO	Home Ideas	PATIO	19	AUTO
17404619	A - Sunbrella PATIO Sr No. 20 Shade SOLIDS-SJA 3987-ALPINE	Home Ideas	PATIO	20	AUTO
17404620	A - Sunbrella PATIO Sr No. 21 Shade SCALE-14050-0006-PREP	Home Ideas	PATIO	21	AUTO
17404622	A - Sunbrella PATIO Sr No. 23 Shade BLISS-48135-0006-GUAVA	Home Ideas	PATIO	23	AUTO
17404623	A - Sunbrella PATIO Sr No. 24 Shade BLISS-48135-0009-INK	Home Ideas	PATIO	24	AUTO
17404624	A - Sunbrella PATIO Sr No. 25 Shade ARRAY-145654-0003-CARIBBEAN	Home Ideas	PATIO	25	AUTO
17404625	A - Sunbrella PATIO Sr No. 26 Shade LAYER-41046-0002-CARIBBEAN	Home Ideas	PATIO	26	AUTO
17404626	A - Sunbrella PATIO Sr No. 27 Shade LEVEL-44385-0001-SUNSET	Home Ideas	PATIO	27	AUTO
17404628	A - Sunbrella PATIO Sr No. 29 Shade CAST-48115-0000-CURRANT	Home Ideas	PATIO	29	AUTO
17404602	A - Sunbrella PATIO Sr No. 3 Shade BLISS-48135-0008-ASPEN	Home Ideas	PATIO	3	AUTO
17404631	A - Sunbrella PATIO Sr No. 32 Shade BLISS-48135-0005-CLAY	Home Ideas	PATIO	32	AUTO
17404632	A - Sunbrella PATIO Sr No. 33 Shade COMFORT-16008-0002-CLAY	Home Ideas	PATIO	33	AUTO
17404633	A - Sunbrella PATIO Sr No. 34 Shade RESONATE-145656-0002-SANGRIA	Home Ideas	PATIO	34	AUTO
17404634	A - Sunbrella PATIO Sr No. 35 Shade BLISS-48135-0002-SAND	Home Ideas	PATIO	35	AUTO
17404635	A - Sunbrella PATIO Sr No. 36 Shade CAST-48108-0000-CORAL	Home Ideas	PATIO	36	AUTO
17404636	A - Sunbrella PATIO Sr No. 37 Shade MEZZO-MEZ 10223-HENNA	Home Ideas	PATIO	37	AUTO
17404637	A - Sunbrella PATIO Sr No. 38 Shade ARRAY-145654-0005-SANGRIA	Home Ideas	PATIO	38	AUTO
17404638	A - Sunbrella PATIO Sr No. 39 Shade EXPAND-14049-0004-TAMALE	Home Ideas	PATIO	39	AUTO
17404603	A - Sunbrella PATIO Sr No. 4 Shade RESONATE-145656-0004-CITRONELLE	Home Ideas	PATIO	4	AUTO
17404639	A - Sunbrella PATIO Sr No. 40 Shade BLISS-48135-0010-PEBBLE	Home Ideas	PATIO	40	AUTO
17404640	A - Sunbrella PATIO Sr No. 41 Shade CAST-48114-0000-PUMICE	Home Ideas	PATIO	41	AUTO
17404641	A - Sunbrella PATIO Sr No. 42 Shade CANVAS-57003-0000-WHITE	Home Ideas	PATIO	42	AUTO
17404642	A - Sunbrella PATIO Sr No. 43 Shade SCALE-14050-0001-CLOUD	Home Ideas	PATIO	43	AUTO
17404643	A - Sunbrella PATIO Sr No. 44 Shade EXPAND-14049-0005-DOVE	Home Ideas	PATIO	44	AUTO
17404644	A - Sunbrella PATIO Sr No. 45 Shade BLISS-48135-0003-SMOKE	Home Ideas	PATIO	45	AUTO
17404645	A - Sunbrella PATIO Sr No. 46 Shade BLISS-48135-0004-ONYX	Home Ideas	PATIO	46	AUTO
17404646	A - Sunbrella PATIO Sr No. 47 Shade BLISS-48135-0001-LINEN	Home Ideas	PATIO	47	AUTO
17404647	A - Sunbrella PATIO Sr No. 48 Shade ARRAY-145654-0001-DUNE	Home Ideas	PATIO	48	AUTO
17404648	A - Sunbrella PATIO Sr No. 49 Shade LEVEL-44385-0004-PUMICE	Home Ideas	PATIO	49	AUTO
17404604	A - Sunbrella PATIO Sr No. 5 Shade DEPTH-16007-0007-CITRONELLE	Home Ideas	PATIO	5	AUTO
17404649	A - Sunbrella PATIO Sr No. 50 Shade COMFORT-16008-0001-PEBBLE	Home Ideas	PATIO	50	AUTO
17404650	A - Sunbrella PATIO Sr No. 51 Shade ARCHI-ARCH R054-IPE	Home Ideas	PATIO	51	AUTO
17404651	A - Sunbrella PATIO Sr No. 52 Shade RANGE-40564-0002-SMOKE	Home Ideas	PATIO	52	AUTO
17404652	A - Sunbrella PATIO Sr No. 53 Shade CAST-40483-0001-CHARCOAL	Home Ideas	PATIO	53	AUTO
17404654	A - Sunbrella PATIO Sr No. 55 Shade MAJESTIC-MAJ J339-QUARTZ	Home Ideas	PATIO	55	AUTO
17404655	A - Sunbrella PATIO Sr No. 56 Shade SCALE-14050-0002-TAUPE	Home Ideas	PATIO	56	AUTO
17404656	A - Sunbrella PATIO Sr No. 57 Shade TRUSTED-40524-0001-FOG	Home Ideas	PATIO	57	AUTO
Regatta	A - Sunbrella PATIO Sr No. 58 Shade CABANA-REGATTA-58029-0000	DICKSON CONSTANT	PATIO	58	AUTO
17404605	A - Sunbrella PATIO Sr No. 6 Shade EXPAND-14049-0002-CITRONELLE	Home Ideas	PATIO	6	AUTO
17404606	A - Sunbrella PATIO Sr No. 7 Shade CAST-48112-0000-CITRUS	Home Ideas	PATIO	7	AUTO
17404607	A - Sunbrella PATIO Sr No. 8 Shade CAST-48109-0000-MOSS	Home Ideas	PATIO	8	AUTO
PLAYAMIRALB140	A - Sunbrella PLAY AMIRAL B140 140	DICKSON CONSTANT	SUNBRELLA PLAY AMIRAL B140 140	140	MANUAL
PLAYCEDRUSB142	A - Sunbrella PLAY CEDRUS B142 140	DICKSON CONSTANT	SUNBRELLA PLAY CEDRUS B142 140	140	MANUAL
PLAYPEARLB133	A - Sunbrella PLAY PEARL B133 140	DICKSON CONSTANT	SUNBRELLA PLAY PEARL B133 140	140	MANUAL
PLAYPERROSB137	A - Sunbrella PLAY PERROS B137 140	DICKSON CONSTANT	SUNBRELLA PLAY PERROS B137 140	140	MANUAL
PLAYSAFARIB135	A - Sunbrella PLAY SAFARI B135 140	DICKSON CONSTANT	SUNBRELLA PLAY SAFARI B135 140	140	MANUAL
PLAYSAFFRANB143	A - Sunbrella PLAY SAFFRAN B143 140	DICKSON CONSTANT	SUNBRELLA PLAY SAFFRAN B143 140	140	MANUAL
PLAYTRUFFLEB144	A - Sunbrella PLAY TRUFFLE B144 140	DICKSON CONSTANT	SUNBRELLA PLAY TRUFFLE B144 140	140	MANUAL
PLAYWHITEB132	A - Sunbrella PLAY WHITE B132 140	DICKSON CONSTANT	SUNBRELLA PLAY WHITE B132 140	140	MANUAL
RLXB100150	A - Sunbrella RLX B100 150 Relax Cloud	DICKSON CONSTANT	SUNBRELLA RLX B100 150 RELAX CLOUD		MANUAL
17507465	A - Sunbrella SAT-20092-140-Satin-Dove-Grey	Home Ideas	SUNBRELLA SAT-20092-140-SATIN-DOVE-GREY		MANUAL
17507464	A - Sunbrella SAT-20093-140-Satin-Lichen	Home Ideas	SUNBRELLA SAT-20093-140-SATIN-LICHEN		MANUAL
17404705	A - Sunbrella UPHOLSTERY FABRIC COLLECTION Sr No. 101 Shade STRIPES-SJA 3954 137-CONFETTI RED	Home Ideas	UPHOLSTERY FABRIC COLLECTION	101	AUTO
17404712	A - Sunbrella UPHOLSTERY FABRIC COLLECTION Sr No. 114 Shade SLING-50045/00-CHARCOAL	Home Ideas	UPHOLSTERY FABRIC COLLECTION	114	AUTO
17404658	A - Sunbrella UPHOLSTERY FABRIC COLLECTION Sr No. 12 Shade SOLIDS-SJA 3937 137-LEMON	Home Ideas	UPHOLSTERY FABRIC COLLECTION	12	AUTO
17404718	A - Sunbrella UPHOLSTERY FABRIC COLLECTION Sr No. 127 Shade SOLIDS-SJA 5439-NAVY BLUE	Home Ideas	UPHOLSTERY FABRIC COLLECTION	127	AUTO
17404719	A - Sunbrella UPHOLSTERY FABRIC COLLECTION Sr No. 202 Shade BENGALI-10156 140- YELLOW	Home Ideas	UPHOLSTERY FABRIC COLLECTION	202	AUTO
17404720	A - Sunbrella UPHOLSTERY FABRIC COLLECTION Sr No. 203 Shade LOPI-R020 140-VANILLA	Home Ideas	UPHOLSTERY FABRIC COLLECTION	203	AUTO
17404721	A - Sunbrella UPHOLSTERY FABRIC COLLECTION Sr No. 204 Shade BENGALI-10157 140-ORANGE	Home Ideas	UPHOLSTERY FABRIC COLLECTION	204	AUTO
17404722	A - Sunbrella UPHOLSTERY FABRIC COLLECTION Sr No. 205 Shade STRIPES-SJA 3956 137-CONFETTI YELLOW	Home Ideas	UPHOLSTERY FABRIC COLLECTION	205	AUTO
17404723	A - Sunbrella UPHOLSTERY FABRIC COLLECTION Sr No. 206 Shade MOSAIC-J195 135-MANDERINE	Home Ideas	UPHOLSTERY FABRIC COLLECTION	206	AUTO
17404724	A - Sunbrella UPHOLSTERY FABRIC COLLECTION Sr No. 207 Shade BENGALI-10160 140-PAPAYA	Home Ideas	UPHOLSTERY FABRIC COLLECTION	207	AUTO
17404726	A - Sunbrella UPHOLSTERY FABRIC COLLECTION Sr No. 210 Shade SOLIDS PREMIUM-SJA 3962 137-PEACH	Home Ideas	UPHOLSTERY FABRIC COLLECTION	210	AUTO
17404728	A - Sunbrella UPHOLSTERY FABRIC COLLECTION Sr No. 212 Shade HEXAGON-J206 140-MINT	Home Ideas	UPHOLSTERY FABRIC COLLECTION	212	AUTO
17404729	A - Sunbrella UPHOLSTERY FABRIC COLLECTION Sr No. 213 Shade SOLIDS-SJA 3936 137-LIME	Home Ideas	UPHOLSTERY FABRIC COLLECTION	213	AUTO
17404730	A - Sunbrella UPHOLSTERY FABRIC COLLECTION Sr No. 214 Shade STRIPES- SJA 3957 137-CONFETTI GREEN	Home Ideas	UPHOLSTERY FABRIC COLLECTION	214	AUTO
17404732	A - Sunbrella UPHOLSTERY FABRIC COLLECTION Sr No. 216 Shade SOLIDS-SJA 3945 137-GRANNY	Home Ideas	UPHOLSTERY FABRIC COLLECTION	216	AUTO
17404734	A - Sunbrella UPHOLSTERY FABRIC COLLECTION Sr No. 218 Shade SOLIDS PREMIUM-SJA 3963 137-EGGSHELL	Home Ideas	UPHOLSTERY FABRIC COLLECTION	218	AUTO
17404735	A - Sunbrella UPHOLSTERY FABRIC COLLECTION Sr No. 219 Shade MOSAIC-J197 135-LIME	Home Ideas	UPHOLSTERY FABRIC COLLECTION	219	AUTO
17404736	A - Sunbrella UPHOLSTERY FABRIC COLLECTION Sr No. 220 Shade HEXAGON-J205 140-AQUA	Home Ideas	UPHOLSTERY FABRIC COLLECTION	220	AUTO
17404737	A - Sunbrella UPHOLSTERY FABRIC COLLECTION Sr No. 221 Shade STRIPES-SJA 3973 137-SINTRA BLUE	Home Ideas	UPHOLSTERY FABRIC COLLECTION	221	AUTO
17404738	A - Sunbrella UPHOLSTERY FABRIC COLLECTION Sr No. 222 Shade MOSAIC-J199 135-GLACIER	Home Ideas	UPHOLSTERY FABRIC COLLECTION	222	AUTO
17404740	A - Sunbrella UPHOLSTERY FABRIC COLLECTION Sr No. 224 Shade STRIPES-SJA 3972 137-FIGARI PEACOCK	Home Ideas	UPHOLSTERY FABRIC COLLECTION	224	AUTO
17404741	A - Sunbrella UPHOLSTERY FABRIC COLLECTION Sr No. 225 Shade MOSAIC-J198 135-BLUE	Home Ideas	UPHOLSTERY FABRIC COLLECTION	225	AUTO
17404743	A - Sunbrella UPHOLSTERY FABRIC COLLECTION Sr No. 227 Shade HEXAGON-J204 140-AZURE	Home Ideas	UPHOLSTERY FABRIC COLLECTION	227	AUTO
17404744	A - Sunbrella UPHOLSTERY FABRIC COLLECTION Sr No. 228 Shade SOLIDS-SJA 3961 137-AZURE	Home Ideas	UPHOLSTERY FABRIC COLLECTION	228	AUTO
17404746	A - Sunbrella UPHOLSTERY FABRIC COLLECTION Sr No. 230 Shade NATTE-NAT 10154 140-STORM CHALK	Home Ideas	UPHOLSTERY FABRIC COLLECTION	230	AUTO
17404748	A - Sunbrella UPHOLSTERY FABRIC COLLECTION Sr No. 232 Shade CHECKS-F058 140-EDWARD PEACOCK	Home Ideas	UPHOLSTERY FABRIC COLLECTION	232	AUTO
17404750	A - Sunbrella UPHOLSTERY FABRIC COLLECTION Sr No. 234 Shade KANOKO-J212 140-STORM	Home Ideas	UPHOLSTERY FABRIC COLLECTION	234	AUTO
17404752	A - Sunbrella UPHOLSTERY FABRIC COLLECTION Sr No. 236 Shade ROBBEN-R011 140-OCEAN	Home Ideas	UPHOLSTERY FABRIC COLLECTION	236	AUTO
17404753	A - Sunbrella UPHOLSTERY FABRIC COLLECTION Sr No. 237 Shade HEXAGON-J203 140-PINK	Home Ideas	UPHOLSTERY FABRIC COLLECTION	237	AUTO
17404755	A - Sunbrella UPHOLSTERY FABRIC COLLECTION Sr No. 239 Shade BENGALI-10161 140-PURPLE	Home Ideas	UPHOLSTERY FABRIC COLLECTION	239	AUTO
17404756	A - Sunbrella UPHOLSTERY FABRIC COLLECTION Sr No. 240 Shade BENGALI-10158 140-CHERRY	Home Ideas	UPHOLSTERY FABRIC COLLECTION	240	AUTO
17404757	A - Sunbrella UPHOLSTERY FABRIC COLLECTION Sr No. 241 Shade KANOKO-J211 140-PLUM	Home Ideas	UPHOLSTERY FABRIC COLLECTION	241	AUTO
17404758	A - Sunbrella UPHOLSTERY FABRIC COLLECTION Sr No. 242 Shade ROBBEN-R007 140-PLUM	Home Ideas	UPHOLSTERY FABRIC COLLECTION	242	AUTO
17404759	A - Sunbrella UPHOLSTERY FABRIC COLLECTION Sr No. 243 Shade CHECKS-F057 140-EDWARD RED	Home Ideas	UPHOLSTERY FABRIC COLLECTION	243	AUTO
17404760	A - Sunbrella UPHOLSTERY FABRIC COLLECTION Sr No. 244 Shade STRIPES-SJA 3971 137-FIGARI RED	Home Ideas	UPHOLSTERY FABRIC COLLECTION	244	AUTO
17404762	A - Sunbrella UPHOLSTERY FABRIC COLLECTION Sr No. 246 Shade MARBLE-J231 140-MARBLE GREY	Home Ideas	UPHOLSTERY FABRIC COLLECTION	246	AUTO
17404765	A - Sunbrella UPHOLSTERY FABRIC COLLECTION Sr No. 250 Shade SAVANE-J239 140-SILVER	Home Ideas	UPHOLSTERY FABRIC COLLECTION	250	AUTO
17404766	A - Sunbrella UPHOLSTERY FABRIC COLLECTION Sr No. 251 Shade SAVANE-J240 140-GRANIT	Home Ideas	UPHOLSTERY FABRIC COLLECTION	251	AUTO
17404767	A - Sunbrella UPHOLSTERY FABRIC COLLECTION Sr No. 252 Shade CHARTRES-J183 140-FLANELLE	Home Ideas	UPHOLSTERY FABRIC COLLECTION	252	AUTO
17404771	A - Sunbrella UPHOLSTERY FABRIC COLLECTION Sr No. 258 Shade KANOKO-J210 140-GREY	Home Ideas	UPHOLSTERY FABRIC COLLECTION	258	AUTO
17404773	A - Sunbrella UPHOLSTERY FABRIC COLLECTION Sr No. 260 Shade ROBBEN-R030 140-GREY	Home Ideas	UPHOLSTERY FABRIC COLLECTION	260	AUTO
17404775	A - Sunbrella UPHOLSTERY FABRIC COLLECTION Sr No. 262 Shade STRIPES-SJA 3974 137-SINTRA GREY	Home Ideas	UPHOLSTERY FABRIC COLLECTION	262	AUTO
17404776	A - Sunbrella UPHOLSTERY FABRIC COLLECTION Sr No. 263 Shade TUNDRA-J220 140-QUARTZ	Home Ideas	UPHOLSTERY FABRIC COLLECTION	263	AUTO
17404777	A - Sunbrella UPHOLSTERY FABRIC COLLECTION Sr No. 264 Shade SOLIDS-SJA 3960 137-ARGILE	Home Ideas	UPHOLSTERY FABRIC COLLECTION	264	AUTO
17404782	A - Sunbrella UPHOLSTERY FABRIC COLLECTION Sr No. 269 Shade ROBBEN-R008 140-HEMP	Home Ideas	UPHOLSTERY FABRIC COLLECTION	269	AUTO
17404785	A - Sunbrella UPHOLSTERY FABRIC COLLECTION Sr No. 272 Shade KANOKO-J209 140-ANTIQUE	Home Ideas	UPHOLSTERY FABRIC COLLECTION	272	AUTO
17404786	A - Sunbrella UPHOLSTERY FABRIC COLLECTION Sr No. 273 Shade TUNDRA-J217 140-ARGILE	Home Ideas	UPHOLSTERY FABRIC COLLECTION	273	AUTO
17404788	A - Sunbrella UPHOLSTERY FABRIC COLLECTION Sr No. 275 Shade KANOKO-J208 140-NATURAL	Home Ideas	UPHOLSTERY FABRIC COLLECTION	275	AUTO
17404789	A - Sunbrella UPHOLSTERY FABRIC COLLECTION Sr No. 276 Shade PALAZZO-J222 140-IVORY	Home Ideas	UPHOLSTERY FABRIC COLLECTION	276	AUTO
17404666	A - Sunbrella UPHOLSTERY FABRIC COLLECTION Sr No. 29 Shade DUPIONE-DUP P030 140-SHADE	Home Ideas	UPHOLSTERY FABRIC COLLECTION	29	AUTO
17404674	A - Sunbrella UPHOLSTERY FABRIC COLLECTION Sr No. 43 Shade SOLIDS-SJA 3940 137-POLAR BLUE	Home Ideas	UPHOLSTERY FABRIC COLLECTION	43	AUTO
17404685	A - Sunbrella UPHOLSTERY FABRIC COLLECTION Sr No. 62 Shade SLING-SLI 5928/43 137-DENIM	Home Ideas	UPHOLSTERY FABRIC COLLECTION	62	AUTO
17404686	A - Sunbrella UPHOLSTERY FABRIC COLLECTION Sr No. 65 Shade DUPIONE-8011-SAND	Home Ideas	UPHOLSTERY FABRIC COLLECTION	65	AUTO
17404688	A - Sunbrella UPHOLSTERY FABRIC COLLECTION Sr No. 73 Shade SLING LOGAN-50045/06-SAND	Home Ideas	UPHOLSTERY FABRIC COLLECTION	73	AUTO
17404697	A - Sunbrella UPHOLSTERY FABRIC COLLECTION Sr No. 89 Shade SOLIDS PREMIUM-5417-TUSCAN	Home Ideas	UPHOLSTERY FABRIC COLLECTION	89	AUTO
17404698	A - Sunbrella UPHOLSTERY FABRIC COLLECTION Sr No. 91 Shade SOLIDS-SJA 3905 137-PINK	Home Ideas	UPHOLSTERY FABRIC COLLECTION	91	AUTO
SUBRELLA320000018	A - Sunbrella-Sailcloth-Salt-32000 0018	Glenn Raven	SUNBRELLA-SAILCLOTH-SALT-32000 0018	0018	MANUAL
FABCARE-S440	A - SUPERVIO HANGER SUPERVIO SUPERVIO 01-PETROL Sr No 1	Home Ideas	SUPERVIO HANGER	1	AUTO
FABCARE-S409	A - SUPERVIO SUPERVIO SUPERVIO 01-PETROL Sr No 1	Home Ideas	SUPERVIO	1	AUTO
FABCARE-S410	A - SUPERVIO SUPERVIO SUPERVIO 02-ABYSS Sr No 2	Home Ideas	SUPERVIO	2	AUTO
FABCARE-S411	A - SUPERVIO SUPERVIO SUPERVIO 03-ROYAL Sr No 3	Home Ideas	SUPERVIO	3	AUTO
FABCARE-S412	A - SUPERVIO SUPERVIO SUPERVIO 04-BALSAM Sr No 4	Home Ideas	SUPERVIO	4	AUTO
FABCARE-S413	A - SUPERVIO SUPERVIO SUPERVIO 05-SPA Sr No 5	Home Ideas	SUPERVIO	5	AUTO
FABCARE-S414	A - SUPERVIO SUPERVIO SUPERVIO 06-CELADON Sr No 6	Home Ideas	SUPERVIO	6	AUTO
FABCARE-S415	A - SUPERVIO SUPERVIO SUPERVIO 07-JASPER Sr No 7	Home Ideas	SUPERVIO	7	AUTO
FABCARE-S416	A - SUPERVIO SUPERVIO SUPERVIO 09-CAMOUFLAGE Sr No 9	Home Ideas	SUPERVIO	9	AUTO
FABCARE-S417	A - SUPERVIO SUPERVIO SUPERVIO 10-OASIS Sr No 10	Home Ideas	SUPERVIO	10	AUTO
FABCARE-S418	A - SUPERVIO SUPERVIO SUPERVIO 11-NUGGET Sr No 11	Home Ideas	SUPERVIO	11	AUTO
FABCARE-S419	A - SUPERVIO SUPERVIO SUPERVIO 12-BRONZE Sr No 12	Home Ideas	SUPERVIO	12	AUTO
FABCARE-S420	A - SUPERVIO SUPERVIO SUPERVIO 13-PUMPKIN Sr No 13	Home Ideas	SUPERVIO	13	AUTO
FABCARE-S421	A - SUPERVIO SUPERVIO SUPERVIO 14-RUST Sr No 14	Home Ideas	SUPERVIO	14	AUTO
FABCARE-S422	A - SUPERVIO SUPERVIO SUPERVIO 15-SAUVIGNON Sr No 15	Home Ideas	SUPERVIO	15	AUTO
FABCARE-S423	A - SUPERVIO SUPERVIO SUPERVIO 16-BURGUNDY Sr No 16	Home Ideas	SUPERVIO	16	AUTO
FABCARE-S424	A - SUPERVIO SUPERVIO SUPERVIO 17-PLUM Sr No 17	Home Ideas	SUPERVIO	17	AUTO
FABCARE-S425	A - SUPERVIO SUPERVIO SUPERVIO 18-IRIS Sr No 18	Home Ideas	SUPERVIO	18	AUTO
FABCARE-S426	A - SUPERVIO SUPERVIO SUPERVIO 19-GRAPE Sr No 19	Home Ideas	SUPERVIO	19	AUTO
FABCARE-S427	A - SUPERVIO SUPERVIO SUPERVIO 20-PEWTER Sr No 20	Home Ideas	SUPERVIO	20	AUTO
FABCARE-S428	A - SUPERVIO SUPERVIO SUPERVIO 21-ONYX Sr No 21	Home Ideas	SUPERVIO	21	AUTO
FABCARE-S429	A - SUPERVIO SUPERVIO SUPERVIO 22-ALUMINIUM Sr No 22	Home Ideas	SUPERVIO	22	AUTO
FABCARE-S430	A - SUPERVIO SUPERVIO SUPERVIO 23-ZINC Sr No 23	Home Ideas	SUPERVIO	23	AUTO
FABCARE-S431	A - SUPERVIO SUPERVIO SUPERVIO 25-SILVER Sr No 25	Home Ideas	SUPERVIO	25	AUTO
FABCARE-S432	A - SUPERVIO SUPERVIO SUPERVIO 28-ICE Sr No 28	Home Ideas	SUPERVIO	28	AUTO
FABCARE-S433	A - SUPERVIO SUPERVIO SUPERVIO 29-IVORY Sr No 29	Home Ideas	SUPERVIO	29	AUTO
FABCARE-S434	A - SUPERVIO SUPERVIO SUPERVIO 30-PEBBLE Sr No 30	Home Ideas	SUPERVIO	30	AUTO
FABCARE-S435	A - SUPERVIO SUPERVIO SUPERVIO 31-CREAM Sr No 31	Home Ideas	SUPERVIO	31	AUTO
FABCARE-S436	A - SUPERVIO SUPERVIO SUPERVIO 32-TAUPE Sr No 32	Home Ideas	SUPERVIO	32	AUTO
FABCARE-S437	A - SUPERVIO SUPERVIO SUPERVIO 33-OAK Sr No 33	Home Ideas	SUPERVIO	33	AUTO
FABCARE-S438	A - SUPERVIO SUPERVIO SUPERVIO 34-SEPIA Sr No 34	Home Ideas	SUPERVIO	34	AUTO
FABCARE-S439	A - SUPERVIO SUPERVIO SUPERVIO 35-BISON Sr No 35	Home Ideas	SUPERVIO	35	AUTO
FAB-UCHN-10534	A - UPHOLSTERY CHENILLE Sr No. 10534	Home Ideas	UPHOLSTERY CHENILLE	10534	MANUAL
FAB-UCHN-11298	A - UPHOLSTERY CHENILLE Sr No. 11298	Home Ideas	UPHOLSTERY CHENILLE	11298	MANUAL
FAB-UCHN-4386	A - UPHOLSTERY CHENILLE Sr No. 4386	Home Ideas	UPHOLSTERY CHENILLE	4386	MANUAL
FAB-UCHN-9143	A - UPHOLSTERY CHENILLE Sr No. 9143	Home Ideas	UPHOLSTERY CHENILLE	9143	MANUAL
FAB-UCHN-9465	A - UPHOLSTERY CHENILLE Sr No. 9465	Home Ideas	UPHOLSTERY CHENILLE	9465	MANUAL
FAB-UCHN-9630	A - UPHOLSTERY CHENILLE Sr No. 9630	Home Ideas	UPHOLSTERY CHENILLE	9630	MANUAL
FAB-UNCH-9098	A - UPHOLSTERY NON CHENILLE Sr No. 9098	Home Ideas	UPHOLSTERY NON CHENILLE	9098	MANUAL
FABCARE-S463	A - VELVET RETREAT FLOW HATCH ASH Sr No 23	Home Ideas	VELVET RETREAT	23	AUTO
FABCARE-S462	A - VELVET RETREAT FLOW HATCH BOTTLE GREEN Sr No 22	Home Ideas	VELVET RETREAT	22	AUTO
FABCARE-S455	A - VELVET RETREAT FLOW HATCH BRICK RED Sr No 15	Home Ideas	VELVET RETREAT	15	AUTO
FABCARE-S454	A - VELVET RETREAT FLOW HATCH CAMEL Sr No 14	Home Ideas	VELVET RETREAT	14	AUTO
FABCARE-S459	A - VELVET RETREAT FLOW HATCH CINNAMON Sr No 19	Home Ideas	VELVET RETREAT	19	AUTO
FABCARE-S457	A - VELVET RETREAT FLOW HATCH DUSTY ROSE Sr No 17	Home Ideas	VELVET RETREAT	17	AUTO
FABCARE-S458	A - VELVET RETREAT FLOW HATCH HARVEST Sr No 18	Home Ideas	VELVET RETREAT	18	AUTO
FABCARE-S445	A - VELVET RETREAT FLOW HATCH HAZE Sr No 5	Home Ideas	VELVET RETREAT	5	AUTO
FABCARE-S446	A - VELVET RETREAT FLOW HATCH INK Sr No 6	Home Ideas	VELVET RETREAT	6	AUTO
FABCARE-S460	A - VELVET RETREAT FLOW HATCH LEAF Sr No 20	Home Ideas	VELVET RETREAT	20	AUTO
FABCARE-S448	A - VELVET RETREAT FLOW HATCH LIMESTONE Sr No 8	Home Ideas	VELVET RETREAT	8	AUTO
FABCARE-S456	A - VELVET RETREAT FLOW HATCH MAUVE Sr No 16	Home Ideas	VELVET RETREAT	16	AUTO
FABCARE-S447	A - VELVET RETREAT FLOW HATCH METAL Sr No 7	Home Ideas	VELVET RETREAT	7	AUTO
FABCARE-S461	A - VELVET RETREAT FLOW HATCH MOSS Sr No 21	Home Ideas	VELVET RETREAT	21	AUTO
FABCARE-S450	A - VELVET RETREAT FLOW HATCH MUSHROOM Sr No 10	Home Ideas	VELVET RETREAT	10	AUTO
FABCARE-S443	A - VELVET RETREAT FLOW HATCH MUSLIN Sr No 3	Home Ideas	VELVET RETREAT	3	AUTO
FABCARE-S451	A - VELVET RETREAT FLOW HATCH OAK Sr No 11	Home Ideas	VELVET RETREAT	11	AUTO
FABCARE-S442	A - VELVET RETREAT FLOW HATCH SEAGLASS Sr No 2	Home Ideas	VELVET RETREAT	2	AUTO
FABCARE-S452	A - VELVET RETREAT FLOW HATCH SHELL Sr No 12	Home Ideas	VELVET RETREAT	12	AUTO
FABCARE-S444	A - VELVET RETREAT FLOW HATCH SMOKE Sr No 4	Home Ideas	VELVET RETREAT	4	AUTO
FABCARE-S449	A - VELVET RETREAT FLOW HATCH STEEL Sr No 9	Home Ideas	VELVET RETREAT	9	AUTO
FABCARE-S453	A - VELVET RETREAT FLOW HATCH TAN Sr No 13	Home Ideas	VELVET RETREAT	13	AUTO
FABCARE-S441	A - VELVET RETREAT FLOW HATCH TURQUOISE Sr No 1	Home Ideas	VELVET RETREAT	1	AUTO
FAB-VIV-32	A - VIVIENNE Sr No. 32	Home Ideas	VIVIENNE	32	MANUAL
Sunbrella 58013	Sunbrella 58013 0000 Volt Cherry	Home Ideas			MANUAL
test567	tesrt	Home Ideas			MANUAL
fabrictest-345	test fabric 3456	Home Ideas			MANUAL
item1	test item	Home Ideas			MANUAL
test456889	test item 234	Home Ideas			MANUAL